,Alpha,R2,^FCHI,^GDAXI,^GSPC,^FTSE,^SSMI,^STOXX50E
BE0058182792,3.903022660470924e-05,0.8685317578418886,0.19325990235058949,0.20862978679408062,0.04754168865547753,-0.02877601576318256,0.13467060539577488,0.35756003761566635
BE0058652646,-7.113256530358447e-05,0.695650647896062,-0.09603348863436732,0.013302709336385277,0.6130994461961032,-0.09275674963154067,0.15856917508239965,0.21724093339893671
BE0947764743,-0.00018036555519114836,0.6342451432500049,0.16922022550910504,0.05989263127104966,0.27742639451200346,0.2850447080325267,0.15504875490951237,-0.15628302100486594
DE0007045437,7.914269688459846e-05,0.7777908994616879,0.08623531296939792,0.2156362160793998,0.0351535734417934,0.026694718145690466,0.40985625850934515,0.11134958777032572
DE0008478082,-7.228336348738472e-05,0.026591141533439666,0.026106319118647095,0.025222834051967628,0.025683869071996986,-0.08454978839065706,0.05866047014781843,-0.025590180120643093
DE0009769869,-3.3093468068819425e-05,0.47777298355617137,0.42832885949634447,0.7719367227926481,0.02683447411572945,0.03007585997383963,-0.14669892974349452,-0.3115268555572586
DE000A0D95Q0,8.295993506944968e-07,0.6224714881544047,0.033870096478608995,0.05660240263245209,0.10969373704484903,0.0068176060187513585,0.06548636550488482,-0.034403100254959774
DE000A0X7541,-4.861528402530388e-05,0.677238553890323,0.006362143016043264,0.15023572761388115,0.31692510049420497,0.07288395075636517,0.09399155715137691,-0.026692361774580647
FR0000003998,8.169460306464929e-05,0.9139249674338604,0.4480141406992761,0.33512631862422254,0.013233226524199906,0.09659843751196764,-0.014913013141924808,0.04790942741371629
FR0000004970,3.678330420239627e-05,0.9143279621373029,0.34164874083325586,0.3129268619355003,0.02165681437261066,0.02832688853860052,-0.002986518475233152,0.2785612187428398
FR0000008674,-0.00010424434777170914,0.8593926564705507,0.3044219305231183,0.2847443102188208,0.03595223028213966,0.10079513174148871,0.17205133739981385,0.06358793415328778
FR0000017329,4.254190752917908e-05,0.9130211466862342,0.3873195569936825,0.312504882927536,0.024363393514671428,0.012718531177058068,0.06783334977224637,0.1431104024119752
FR0000097503,-0.00010700468058925953,0.025716188411567642,0.021197443193552375,0.018251049798139074,0.026455856435611543,-0.08220077016262926,0.06617144067440191,-0.019393058426876518
FR0000098683,-2.433478342920958e-05,0.40972610548579114,-0.007056410494826,0.013786404458925344,0.30812128332187966,-0.005408348164828748,0.015333762358734668,0.04556598539016704
FR0000170516,-0.00018296798698839536,0.6095156211670731,0.2539123360795966,0.4361246202569614,0.006034013833222357,-0.07026606826228138,0.17511962675898318,-0.048878428842791366
FR0000172041,-0.00024314029276764257,0.4107144166278558,0.4435638000994316,0.412749460920512,0.04563471178693629,0.1416961755518151,0.12852468271761366,-0.35780457961915824
FR0000172066,6.197637052871699e-05,0.9211278456686378,0.9297298007385411,0.048352902717622936,-0.0035752843134557594,0.04263690122129039,0.013038775111044452,-0.0574370408335656
FR0000284150,-1.9707694130359466e-05,0.3414504818912367,0.16977315937669865,-0.03383804242764518,0.1449949370280574,0.24853593866232726,-0.07961955556320281,0.11073888741981386
FR0000284689,-4.03832203794713e-05,0.6426146098496214,0.007267953768840616,-0.08814008580299854,0.4454025648861381,-0.05370943813278702,0.19146319551837887,0.1846815918971818
FR0000292278,-0.00016625107587571174,0.28059626073803157,0.05373961031892565,0.04157338188414483,0.15476156119663398,0.2747510251126323,-0.04041099938211507,0.03873241335044472
FR0000295230,-4.837968160226308e-05,0.7725870831574878,0.2775066648605091,0.04462039905117765,0.09441216402213654,-0.17996747604200286,0.3552244649800669,0.2919946113040909
FR0000299356,-4.39214972488327e-06,0.714476163381646,0.12019928591212234,0.3595980885980883,0.025490772135066744,0.12381310876250778,0.2856139871026055,-0.023861256213559168
FR0000422859,-5.035124207598859e-05,0.707928308635867,0.3458900761077741,0.3766664520953418,0.059792426305851146,0.06502455392363167,-0.002097735443177068,-0.03293024802862246
FR0000427809,4.453162047470322e-05,0.8869646244892007,0.3602354109692172,0.38098464713597496,0.007397868895796994,0.33677622362811677,-0.03251961478705068,-0.07419612714444229
FR0000428732,-0.00016085523452809346,0.5110358791484028,0.22707462832739533,0.29850805923875257,0.08332237407293407,0.04174615298727688,0.08853812516054123,-0.12171510785533557
FR0000431538,-0.002306427145965809,0.015555767121751662,-0.055490045493102956,-1.3533252437364955,1.1874588096497565,-0.0869816177772875,0.07867021191135434,1.153972272180666
FR0000437113,-2.5843431388637326e-06,0.904290142457626,0.350841274583772,0.3822894045576864,0.01239675215025099,0.12103648088813612,0.025934467570558534,0.019800600855719663
FR0000438905,-2.091054853492339e-05,0.7911963905095422,0.02205654640599067,0.05930989914116169,0.666079080765172,0.05576116202538002,0.10428921732549207,-0.04909544888175635
FR0000444275,-8.152333566006817e-05,0.6915394639216734,0.215457638659792,0.3638981234227495,0.01908630651662796,0.046215029784527156,0.22896429336611612,-0.053729532083450604
FR0000447864,8.294104749887192e-05,0.771184992036559,0.7635990632328437,0.14739563235622302,-0.06496547331168338,-0.0970887022179713,0.06400241803400075,-0.04998758769419491
FR0000448847,-9.539441875459882e-05,0.7992792448487255,0.3408458871650501,0.453434903399859,0.0420641660048984,0.05507745376114606,0.044092824096626265,-0.06506804258770588
FR0000944696,-4.179844872355752e-05,0.919481636583543,0.9147604766553065,0.06286907579606477,-0.0038239914926609404,0.018399630726186632,0.008007699889827122,-0.05344999826962381
FR0000970949,-6.576060609480281e-05,0.7382772888439593,0.09065050722473468,0.14988204651390719,0.38681706497150026,0.046972226226323854,0.1979924316777811,-0.020384228872814658
FR0000971293,-6.191187612984985e-05,0.03506583485313908,0.01769974455023203,0.008907913780324512,0.03073709319147,-0.097836341003882,0.07077523657254214,-0.0022433957493474487
FR0000974149,-0.00015996967594853736,0.776724551936373,0.3726764464529531,0.44848457958613736,0.09827652636424941,-0.05337242294385758,0.15648160814756187,-0.09754783583711307
FR0000975880,1.3842855823089826e-05,0.912722113031909,0.9539872312481255,0.12477664978926425,0.018580908200078954,-0.07533346838349628,0.021406727064974377,-0.07196292166415724
FR0000980427,3.093133662122148e-05,0.7755385118053744,0.23215943589302648,0.09764577582905774,0.05293397497106563,0.04721851316829321,0.011241202184236836,-0.042822761303936745
FR0000982449,-7.069639528387784e-05,0.7866554018478834,0.23194106968420436,0.4286464295481952,0.057338354554213586,0.023692141190636146,0.14562566716537467,0.038344819137151986
FR0000982761,9.134327415737234e-05,0.7700595106587754,0.2938601944212013,0.35494325388730125,-0.052761007431484874,-0.08811504430975331,0.039263341191956624,0.23371142367008024
FR0000988669,-0.0002854111442279894,0.6070114291071762,0.22209796162583995,0.036031602763209575,0.8150398479100716,0.0737074443148345,0.04780438113011427,-0.23584215908929218
FR0000989899,-0.0001374037867195452,0.7736187343781951,0.587010128573487,0.361650046674466,0.07378622781842331,-0.029848435880235474,0.01882621934612501,-0.18980330037981805
FR0000989923,-0.00038870481602225473,0.38373303816105153,0.44215173494643767,0.44333697224294955,0.020387226913634898,0.15334995593434425,0.10417598304433312,-0.35313634735315885
FR0000990095,-0.00014404387241257388,0.7836469011824649,0.41719202546237716,0.4030903964626864,0.09466223458573642,-0.05723221522582472,0.0618762689306383,-0.038706554765896684
FR0000990756,6.764257948117217e-05,0.9009751804783415,0.32389973885119994,0.2681142652329143,-0.0051323247073361,0.04406278859464463,-0.048761026944998176,0.3734425667372889
FR0000990921,-0.0001013223945180827,0.8449812749319774,0.5508990345205881,0.20578314819611637,0.03859285994409245,-0.11475310356423851,0.13825288918878642,0.053393780106732805
FR0000991390,4.465585402455902e-05,0.0033975103263453876,0.00018067461345526017,0.0006313528865092011,0.0002810668224509404,-0.00020533867742955703,-0.00072495310132967,-0.00019663240233980286
FR0000991424,-0.0001041929122827802,0.7472781410507524,0.20255078355060363,0.35093240106341955,0.03980756627595043,0.11632078814869944,0.2286150128522875,-0.06415335910998748
FR0007009139,-2.348029547348771e-05,0.642242322873469,0.08165771034902337,0.12744678650837343,0.01039213556399278,-0.015078940904370737,0.04943867528367389,0.008747106248820732
FR0007018239,3.974080137247148e-05,0.635998716348618,0.1644249770209925,0.1220887630172941,0.03452397978321687,0.00392963374746242,-0.010337653216628204,-0.048625345436285675
FR0007020201,0.00014146770711415496,0.7886214635143022,0.17428370442500465,0.24065663731597126,0.06568123682747799,0.07141434248450466,-0.03791487320687757,0.06519764095854386
FR0007022108,4.680868716376414e-05,0.9121989436545987,0.35790823174379516,0.30306698144291366,0.018851998949631132,0.06400951414363265,0.0025948564613078873,0.16918093767779852
FR0007023692,4.6626475204967604e-05,0.2886369704258045,0.04428386915971487,0.06355311946816956,0.08289087780399412,-0.006695440758886818,0.1161444568583392,-0.0091723696815465
FR0007028543,1.039317016267164e-05,0.7128020248438329,0.14842809234930687,0.08266554642247922,0.2409181583150124,0.2026239028814649,-0.007889852465660055,-0.13111951496858004
FR0007043781,-6.70977537146547e-05,0.07720260017417191,-0.09770154754512607,-0.184416966381555,0.031603372668047414,0.3033978385374223,-0.07208389879009716,0.3612009910272569
FR0007045737,-8.372354351805311e-05,0.8714204927444487,0.26881146296438524,0.37879739474316815,0.03136649811869886,0.07209075161680804,0.018959512443200155,0.09794749029668959
FR0007051040,5.1573033549223616e-05,0.7665400885058831,0.19896284367572784,0.064139115612565,0.0072439822448570265,0.10676625641214679,-0.046805097701464266,-0.06493086472330775
FR0007057070,-2.592221575264771e-05,0.652040343052237,0.009733663499338758,0.07544650200992692,0.4223237229612862,0.033542333588312684,0.10439486257914068,0.11607473470411661
FR0007061882,-0.0001934602424785984,0.7714679792893003,0.2803121608715221,0.41397116026559133,0.04494459499462196,0.024143070752315948,0.09853514884369557,-0.066448289862136
FR0007064324,-0.00010156520187121555,0.768402226609199,0.645179977380771,0.334735874211814,0.030746107001403476,0.06152125730240958,-0.054907868233525906,-0.18213446615025516
FR0007064357,-4.905897010806199e-05,0.7349427794916104,0.23841211457181927,0.41212652671106764,0.01873222512903644,0.07308955887681123,0.13390014758793545,-0.12612420256067622
FR0007064449,0.00018400347339473012,0.07705364559203598,-0.0005498662022161352,0.11390177910884165,-0.036854613193408096,0.09673145960699882,0.20458839176856897,-0.07989987873273903
FR0007064472,-5.0016163232708495e-05,0.01595870625510909,0.024222000618885457,-0.0035116683618988814,0.013908935943058394,0.003254558697267399,0.03171418870441589,-0.034733813446384716
FR0007066725,-0.00010222635165030805,0.7503909026399189,0.20855368136390046,0.2854929800543418,0.05284031878455407,-0.1113733133784571,0.1873047684214117,0.17541949483603742
FR0007067673,3.8984243046157186e-05,0.03566241640288115,0.011559999976704219,0.011057404007933286,0.006094250833997712,-0.004473367227507918,0.004779490819458982,-0.014098112138559661
FR0007070982,0.0001106906390583995,0.0189941101923633,0.00785105999222441,0.037296884124391916,-0.01164812137325648,-0.006893204984535432,0.027161705447860077,-0.027783275058602213
FR0007072160,2.5838362633541846e-05,0.43814108553910636,0.07059839931139131,0.04183219579928785,0.009602233805049596,0.014482059904174952,0.015432302132746933,-0.045656684955971916
FR0007073119,-8.620829092357993e-05,0.7540749827531816,0.0959422653147317,0.2696954992769939,0.05396111808826326,0.003535762282320748,0.24409700749427132,0.05821552868088653
FR0007075155,0.00020461141239068887,0.016320345927052227,0.17041843424517691,0.10644998908138104,-0.040129969594076095,-0.009350840422503746,0.04465635789824775,-0.18975732427852524
FR0007076930,3.027204405001724e-05,0.7935374936023143,0.7070979359445273,0.16755610289474557,0.006223664043140627,0.29958048406511234,-0.1582888055749969,-0.1616716684574377
FR0007078589,-1.5453857963244248e-06,0.7374976599196703,0.101734423417344,0.06692720210395478,0.0579919733911744,0.030490238654651176,0.006153796071711907,-0.0065537486065041645
FR0007078811,1.6957012524544045e-05,0.8500889524859838,0.507204469473364,0.4138326492288419,-0.007855973289694312,0.4181952334928579,-0.16220855477977172,-0.14101585612788983
FR0007082060,5.793649812618027e-05,0.7879703676740959,0.3229577643571477,0.287367405940684,0.047675680395386125,0.10540299500507422,0.026103588409897224,-0.08201554704938221
FR0007082359,-6.959446484712786e-05,0.7203882569166262,0.2579725358905137,0.3782208425706243,0.0809807601898736,-0.039809934714353956,0.23360665867752958,-0.0251708692412613
FR0007390174,0.0003961894924379193,0.1279752347509071,-0.5618765767495062,0.4146147103912745,0.4144986560794205,0.34738442644390366,0.14643356510437353,-0.045815468673741866
FR0007450002,-9.731489233691414e-05,0.14278767546262072,0.02938535537802685,-0.00629037629389706,0.06697529749078698,0.28788199288878097,-0.026635015806589828,0.05840627931226315
FR0007482591,-0.00019246294141948484,0.5720479611008485,0.3479287224528803,0.3188495408147223,0.07201200077805064,0.07607805573458104,0.024824323028357742,-0.11019599772704994
FR0007494760,5.188970619489611e-05,0.6886803236910173,0.05309662149155052,0.041998178081752824,0.03668404980270035,0.02126547045944025,0.014572294992910817,-0.009961579734686369
FR0007494778,5.959220985206527e-05,0.8276336209662749,0.12455251663726902,0.11849100920224184,0.11097201423711515,0.07351297239700263,0.033693123116617804,-0.027671634204001705
FR0007494786,5.7423117862697435e-05,0.843650923366637,0.18912492189202032,0.18158275110012007,0.15608967714256566,0.11096173216698742,0.055419898407692875,-0.04389840104878129
FR0007495049,-1.5279543319663688e-05,0.5900611473313915,0.3682689943707355,0.09996506089607571,0.039649881893016214,0.26199290394118724,-0.1349141985107431,-0.1242488041097907
FR0010011171,0.0003308973675775267,0.3175552869923324,0.01226137788812346,0.12080478701605585,0.2827614168119029,0.7363165764014622,-0.10079056067577306,-0.2063532631706505
FR0010018192,-0.00017213542471506248,0.6948033775836119,0.511174907595568,0.2890448531697147,0.055325301367914304,-0.051064876493896086,0.09608928589608305,-0.1783342428850947
FR0010027623,4.253112015865114e-05,0.0070376476540015,-0.0017057721327667873,0.0002865581739002038,0.0001499873613786146,0.0007264150108566207,-0.0005999478276447346,0.0013966070682097562
FR0010028985,-6.391245519423253e-05,0.044864017179735094,0.046145594235699576,0.03599180596352559,0.02837399269385599,-0.050409109851062686,0.03945712772608366,-0.040523329665280175
FR0010032326,5.092406784271853e-05,0.2909108060187888,0.10568844311202599,0.04563633061512659,0.02576073329364422,0.04983576253446925,-0.012626832711969023,-0.07053291044117535
FR0010032573,-1.3836559058532011e-05,0.08142167540769252,0.055562811314944054,-0.0033530097209804478,0.007844201029660929,0.07841845100189009,0.03361200513585329,-0.047681136359975146
FR0010037341,-0.00011487677134774933,0.7752904532294791,0.2516611564272402,0.24055407461260087,0.05573597559334209,-0.15394283323813848,0.35684326665431876,0.1034396775220594
FR0010041822,6.336300408690547e-06,0.616067161436807,0.14500537631888638,0.0637425039020992,0.03351126636086705,0.09621288703522543,0.04071027721561371,-0.09925763227448402
FR0010058529,-0.000210530277377327,0.7198160687031309,0.25794009440322785,0.07244789613888733,0.10878388053967322,-0.054231438870600335,0.2832564417846176,0.1375666183959495
FR0010061283,-6.109476217993129e-05,0.040921895431776045,0.02074986367446956,0.021101514781349237,0.02735361501638659,-0.07951436939450635,0.06182077900311523,-0.013267331415031959
FR0010075333,-3.288098836541761e-06,0.9339456182530352,0.9147607636768997,0.039620860951289395,0.0007811679034756911,0.013433636403139389,0.004574879126166004,-0.03581269835132237
FR0010076893,-2.0177757211745163e-05,0.02423030291667383,0.02302267158905974,0.0013880917322827016,0.016130654663406883,-0.023042647396397373,0.0234496935698661,-0.020004922972965286
FR0010083634,-7.952197367950558e-05,0.6574396487242686,0.24789468527346803,0.07390320607843684,0.049406058732848035,-0.21387217966898553,0.4045620240589838,0.16645820704264858
FR0010086512,3.454626635366226e-05,0.9387245902097175,0.9182035789198784,0.04364800517097877,-0.0006204758587722119,0.015373080248327713,0.006246958888843999,-0.04453520197399459
FR0010091173,-3.2792629441322544e-05,0.7420263960002278,0.02817076662493096,0.05268613755615148,0.5992817604924118,0.020288504164276397,0.15915332446902836,-0.010531486980062704
FR0010097642,4.446205993453731e-06,0.8009765953282513,0.03380802445748207,0.03633846717376896,0.5075250090081598,0.07965395464020295,0.007533216406745237,-0.0018315625849394807
FR0010097667,8.768659228041589e-06,0.2351617769432145,0.011080199399412105,0.021678232028466922,0.046958655159545344,0.049101278324285735,-0.003987969325297349,-0.011086818610669607
FR0010097683,2.4124174861566837e-05,0.4880211163851176,-0.035891415460353064,0.03400281861703108,0.13574652132482198,0.05611109733981333,0.01567438840899605,0.0661200568525698
FR0010107953,0.0001275141817171123,0.04053331131457216,-0.00647736359225076,-0.0006468625207998735,-0.04407040886864666,0.12761023292495427,-0.07502890885850731,0.026892709132476888
FR0010113894,-2.8377827212213986e-05,0.5521262972179009,0.05174471204036385,0.0491969591892108,0.09683218616297637,-0.031498905114577036,0.05852150113569761,-0.007405906480682782
FR0010116343,4.718667726771483e-05,0.07158812437909967,0.005023795806742374,0.00476717893720813,0.003029061949551686,0.0013960350216370948,-0.000839004906477441,-0.005118493715737724
FR0010117093,-9.80783105674612e-05,0.7538199641049568,0.0960643926412254,0.2685820052789668,0.053374124378663054,0.003194486626545784,0.24565398481335726,0.058973330031512866
FR0010135103,5.2771417113214153e-05,0.24206045595474535,-0.008332553838601016,0.026693364808983308,0.10827089322608041,0.04583224058699377,0.015875220999002168,0.011125616459093397
FR0010143545,2.3614389094064105e-05,0.913986161802301,0.8729931425795013,0.18745806578635588,-0.006012583084250671,0.13863087799294815,-0.08460495649989236,-0.14026543848076983
FR0010148007,7.418553300697948e-05,0.7805011010948351,0.1850862249289195,0.32180144336265104,0.05417139035103473,0.08488679127894327,0.10525315261104126,0.11406292180217181
FR0010148981,7.330647008880206e-05,0.6841609737489748,0.04755587389533497,0.018852935369222612,0.5868557334932715,0.002187936968294807,0.06967504112596973,0.06866795133896848
FR0010149120,4.606761496937502e-05,0.04534618056118178,0.01511249588400852,0.00045347736062956536,-0.0005076081920553368,0.01591920448646493,0.0025125388929064523,-0.010411121663994624
FR0010149203,3.952777529932005e-06,0.4421216501377162,0.0023302596544544736,0.027037126035034637,0.13280903706450314,0.009363479760847847,0.03319069447712867,0.033918183572562224
FR0010149302,0.00011594698645395326,0.21872414956994546,0.024990411702645474,-0.07783869129707062,0.23224504377055277,0.23822746342184437,-0.0642055480769422,0.1560683059710103
FR0010153320,-5.956131736304277e-05,0.791310621977516,0.00440828817543145,-0.035497813286088586,0.9135113335261876,0.1023425593461568,0.060853465735480276,-0.09383729836090009
FR0010156539,2.353150817606842e-05,0.25679166223665606,0.036408065014611836,0.021518230982053247,0.04168908461133634,0.02211247641991086,0.008931977179544134,-0.010710548697636005
FR0010156604,-1.9843806056629663e-05,0.08139783767937114,0.055364284359213714,-0.003552742313998228,0.007811350362348226,0.07872998301432059,0.033751612934734575,-0.047558825366155605
FR0010158048,-0.00010892685887131018,0.8311661293114923,0.6440299603409064,0.3224808865483266,0.028281171867959837,0.14914708380262193,-0.10034725049625809,-0.16295537579842495
FR0010172437,3.7367071042733325e-05,0.42998111779793236,0.08240531801614777,0.08941759432281707,0.08306259841887899,0.03774920516063721,-0.00377548501624151,-0.030549282351937365
FR0010172767,-2.0314122549069304e-06,0.13108374682548596,0.05102948751968649,0.03803073524848345,0.017348892814102,0.0008933380785519206,0.019725523558665727,-0.04213777467357019
FR0010174144,0.00021703895649056193,0.1018873669626279,0.35117273706916685,0.08207540581133102,-0.034076646336680456,0.14409524216697614,-0.15868920134348238,-0.16730847380045094
FR0010177899,2.690965381981854e-05,0.8516114268368471,0.08957205570584693,0.0769158760819406,0.013114200880787793,0.005892934130806958,0.020152538885462413,0.05330129791464638
FR0010188383,4.3956813685969674e-05,0.2737533943754258,0.0614700139894394,0.004410885555546529,0.13118126000746672,0.3266886486786299,-0.03785519785956321,0.05101859377033523
FR0010225052,-0.0001352200184437985,0.1584164701188443,0.04249463754682244,0.03310442106602038,0.04882597932314299,-0.02198706932721026,0.05010198628386396,-0.03213245330292337
FR0010230490,0.00014573382791261867,0.08983025129237765,0.07362788158601069,0.028111769393414185,-0.023655791008064326,0.122723070645538,-0.04505994010616189,-0.06811395176232171
FR0010233726,4.749291873038133e-05,0.0030794646942484682,-0.001084817871837844,0.0006951542783036621,0.000151776943804712,0.00022792454735670223,-0.00043134527888177924,0.0004765802793830268
FR0010237503,1.1360919398069368e-05,0.5199737460348735,0.25582488439784734,0.3724726147519596,-0.013173919565702616,0.09309101387744526,-0.03914273350603159,-0.04787714200942539
FR0010263244,4.173345878621286e-05,0.003648863362667565,-0.00113202885291055,0.0002221176284794861,3.538273702035995e-05,0.0002604928356491527,-0.0005126586228794664,0.0011157946760316235
FR0010283838,3.492629629422216e-05,0.5037213391172068,0.31558776472915007,0.4141947014959467,-0.007304666996624784,0.0628267096778661,-0.1425543503641298,-0.055089682205043455
FR0010286013,-4.395390963576036e-06,0.3999433330793136,0.12353161117559189,0.09511418050500939,0.014751810821808658,0.07818382331693528,-0.020021427688261165,-0.0835968586847704
FR0010288308,-0.0001937284317236232,0.6173635585283042,0.16121139646678673,0.3712716371387139,0.08520577897962178,-0.23690930796387605,0.2510698476565617,0.23425381117943797
FR0010298596,5.247664299506849e-05,0.8467290811934904,0.6128999251953284,0.3262491206432636,0.018375304322742397,0.18016397988025656,-0.03133895857697366,-0.20711424409003634
FR0010308825,-4.3737538784075695e-05,0.5879390563077624,0.050447816248117304,0.047711109036833524,0.12174753437485836,-0.01800867684571368,0.0700224258011882,-0.012163994532237724
FR0010321802,-0.00013348190534676578,0.8558092258701202,0.3131832422387326,0.27104189108026283,0.09241994867594916,0.15848872361699082,-0.00485488778382108,0.04577891642701051
FR0010321810,-0.00015008993860882495,0.6828686640496106,0.18184380627501173,0.32354921475244225,0.07507123473597146,-0.11189058414315978,0.3241097559192119,0.024109541944699886
FR0010321828,-9.174467359526524e-05,0.7831545047017612,0.17375440672117043,0.18495165494460303,0.13611572518966117,-0.04541309054883552,0.32637600299344816,0.14661291953635508
FR0010340612,-0.00022661773790909378,0.716241207863431,0.45344928838959453,0.3538663489502192,0.04831090343082972,0.004986689004516931,0.05859837481983955,-0.10110645915707298
FR0010359323,1.4405423843734607e-05,0.626160477675974,0.06688532053997412,0.06669901459048559,0.051532398013062426,-0.022402942993600683,0.03690514003780405,0.026007076353779676
FR0010363366,-0.00012724524206835164,0.6813625350203678,0.18476258361277942,0.16618455343897479,0.1058243564143092,0.08209673686685165,-0.012792330139598476,-0.06394386657722766
FR0010375600,-0.00017916719944533654,0.8055350964349832,0.2739055480758785,0.2819006634909077,0.08553109110282077,-0.15604493211314166,0.18432497073539555,0.2460892443427118
FR0010376368,-9.562024335922261e-05,0.7577676997357154,0.28243176460997904,0.4037322952199895,0.06357961191572883,-0.03384690694323311,0.10070031900279844,0.007903664238556596
FR0010380675,0.00013888259506806687,0.35037804360008284,0.17990052168872775,0.03150897908250433,0.09609061968651073,0.40756732097492654,-0.10052658249928721,-0.0737376219147782
FR0010396382,2.319879109057658e-05,0.8389118882585067,0.4396930373303552,0.2763202508972001,0.011538906679728747,0.27541263034816743,0.08544456391473204,-0.22197563378538032
FR0010397125,4.3497657191438836e-05,0.9157520737044998,0.4459922770093031,0.2741386089958104,0.011517148524568158,0.07849161504200577,0.018417889027548276,0.11793517789782004
FR0010400762,0.00010794599857286701,0.6484010982665207,0.24254459189564298,0.145765185461295,0.011488667561923564,0.1355091904894367,-0.05217555219637533,-0.11959690418893926
FR0010402990,0.00014087455814862772,0.09572400403959913,0.0062197689525140595,0.01577519580700839,-0.016884918140602653,0.00862420496940136,-0.10609890347431063,0.1120714161516403
FR0010415448,0.0004382611861507146,0.12662360633062553,-0.028818549668287573,0.1742976974577818,-0.055660478455142284,0.192383380772649,0.05682727381746053,0.0724993917530042
FR0010434019,-1.3344042597399054e-05,0.5832768777268363,0.10944007387209226,0.04714091147971855,0.034276833501431424,0.021792390049641366,-0.003441886751680487,-0.03344462098085746
FR0010449538,6.68057939391147e-05,0.6271206252343885,0.16114277002209407,0.1504096766879317,0.12305923722152745,0.21452530508846168,-0.05140631212898743,-0.14502198832417024
FR0010460493,7.473747277648811e-05,0.25211110214857035,0.08647879041959478,0.03720701167129211,0.013944925335279688,0.02814214627673989,-0.015130410318545711,-0.0446482217514744
FR0010466128,3.053043391470343e-05,0.6813261548054113,0.11742292200655936,0.04874055837322203,0.003955001829563031,0.02668012141989663,0.024041519514569107,-0.04706128925576944
FR0010479931,0.00010780543768040119,0.16053635641903807,0.17919179366642649,0.0731796348915783,0.05129110480930632,0.2972813060359419,0.08654447235242528,-0.19038998793669748
FR0010501676,-7.878225797425397e-05,0.8510036455085002,0.3822611922568262,0.2673084542071321,0.0014424371578441036,0.15151441556552106,0.022601302223552805,0.06877375441868548
FR0010505313,8.963999633782176e-05,0.33610479785178793,0.09334206458315028,0.05451223047693163,0.027634194804906476,0.05478931766354099,-0.017941523242967064,-0.05932097507538303
FR0010505578,5.382598462106135e-06,0.8811811696227034,0.24785983397499392,0.3133811485274354,0.04892507686613062,0.01266499962404824,0.1396396296852028,0.11061083824605356
FR0010508333,-8.736820674082758e-05,0.743198847773436,0.1217325156333106,0.1311789039747134,0.5533303136582022,0.08510010706892926,0.06875076763033486,-0.10658449568395523
FR0010521575,-8.627124462749015e-05,0.7436368891813027,0.21384529236946714,0.29941928855467176,0.11026746029210363,-0.03994161104584765,0.2324105077488527,0.0623979465764945
FR0010532101,-0.00022167088757787547,0.7193426426240487,0.40600401024102606,0.3755473510203905,0.09876220015839529,-0.08159790377483225,0.11318116363054029,-0.06823817475668312
FR0010541557,-1.1952536943987289e-05,0.8218727918347819,0.26352098993112294,0.22348304918102688,0.05809009763786577,0.19810992220123622,-0.0820939064841079,-0.07738168093165657
FR0010546903,-5.188075965244113e-05,0.7452081842384242,0.3254096824008497,0.49381697805877617,0.015884994448584544,0.06292932965276776,-0.028334677410842612,-0.02744592976055743
FR0010546929,2.4364778131987744e-05,0.8439422725600982,0.2731871414374856,0.3429694255976516,-0.00029840505271691575,0.3151256012945618,0.06086599558955272,-0.0782868718662412
FR0010546945,-5.983587597035986e-05,0.821595245015331,0.1679805139625587,0.2499853060364971,0.05714063691380372,0.00291216815619047,0.24907667540891426,0.1875007301618105
FR0010547067,1.0232533819299196e-05,0.8785270149289195,0.4433926835566655,0.2985575067053317,0.011214633028020296,0.37493296630489825,-0.06530019557730751,-0.07636520424514873
FR0010557967,3.1014947881073516e-05,0.7845392523634095,0.2524809250692872,0.17808255227340422,0.014234067856199413,0.08557849725331657,-0.05693373548557218,0.06582457614574892
FR0010560037,0.00011666132549920757,0.15833100218655027,0.08553067713542102,0.038378168437979254,-0.002503671401863412,0.015069077625461794,-0.016392439592446968,-0.04355894497605562
FR0010564351,1.625386866466297e-05,0.6993499007498001,0.04048629671473043,0.17083908313278975,0.07364927140002855,0.058047532649287414,0.08921337030343857,0.07604665471765315
FR0010574434,-0.00012440073579996524,0.8562560706406491,0.4528716713316181,0.34536566165704063,0.05032682978129849,-0.08377874222689952,0.09825791430814357,0.08147690346130568
FR0010586024,9.506043203635697e-05,0.8274326469889148,0.29547494131172664,0.2070852230927733,0.005201486929243895,0.14544417731286274,0.19827769748573706,-0.09169097551158223
FR0010588343,-1.4548254138447967e-05,0.9070995042613553,0.8518807688080123,0.16690266166642476,0.015005043874608118,-0.0017709361539102603,0.017208282133627687,-0.11757177517722127
FR0010592022,-0.00013904698272821088,0.773663357501176,0.15057597223964822,0.0913784287973462,0.5182456735394015,0.009605080304467772,0.15215747420463718,-0.0077128620638394485
FR0010601906,-6.401454244355194e-05,0.6924285630047659,0.3123098075351615,0.19428839235640377,0.0729178210599668,0.16968284296626124,-0.06755519378437222,-0.14682828700051798
FR0010601971,0.0001804655563482256,0.414113043280966,0.2703739687386154,0.111687420050143,0.016270283530282724,0.04637676090897431,0.07051360850061417,-0.13303125228373425
FR0010611293,6.1245169610623615e-06,0.7480292490520312,0.07956509772025867,0.10172042144199635,0.06432384669856177,0.030120332788784804,0.03835948926821623,-0.023446406238305295
FR0010632364,3.6178579509323766e-05,0.869653580114206,0.5386152921527799,0.4543912991598159,-0.01627607134876749,0.2719653295386812,-0.20853452295955358,-0.04809754294018248
FR0010642280,-5.86844278375887e-05,0.6242972594226015,0.1260648408666526,0.23681042990883877,0.057895672889674246,-0.05072602744537508,0.19174836066692116,0.11778804836594695
FR0010651224,6.440821694556894e-05,0.8025620118819349,0.6475824794229378,0.38062353042674596,0.008628721467275557,0.20431930648060995,-0.15527724450508046,-0.19288118997466014
FR0010657122,-0.0001294720853976143,0.8466827923287257,0.7683052818070264,0.17850430794983743,0.0455685330777397,-0.10576085711762816,0.09583602994741211,-0.09164059268790113
FR0010664086,0.0004416324026337871,0.09409486540144729,-0.5369063387958538,0.45789875605645153,0.34862205850369976,0.2924150815815011,0.16409251290287827,-0.10263935196863194
FR0010668145,-7.450962223856493e-06,0.7165917606663785,0.26820908924264386,0.15759111355129232,0.44547553383329985,0.10940833736047345,0.2053666523836425,-0.28206504228104756
FR0010687749,5.648430563700389e-05,0.7801847026334003,0.20432950988660173,0.4034294923019602,0.03092033068170033,0.09011472684432582,0.11141259383840281,-0.049223346480321506
FR0010689141,-8.439634973682797e-07,0.7096431545081093,0.2843459187204642,0.40871321310656783,0.031702826568283715,0.05345016349820331,0.014584888709847976,-0.10015099025131993
FR0010700823,-6.305518166185105e-06,0.70850047800631,0.05925695565431116,0.011105697899242595,0.7690527549700279,0.08574817365539612,0.06759921096441965,-0.14733948394909294
FR0010702084,-0.00012205475186233398,0.796298960031304,0.41243343823086354,0.1560471805190636,0.10525718429571063,-0.08288779857995812,0.14470978067049417,0.04179436429867277
FR0010738120,-8.469720245024928e-05,0.6928230738674769,0.31191896900728006,0.19244616179745122,0.07222242159684591,0.17248303467125503,-0.06917997975662596,-0.1440967664340955
FR0010745778,2.160823672556485e-05,0.890446958417624,0.39925933245402073,0.28562287785702817,-0.01768670545118442,0.11455829656167166,0.15311537004147072,-0.12069191083260214
FR0010749853,-2.3682428911725575e-05,0.10839761391382463,0.06819613900300617,0.030760046717115387,0.021622721618139332,-0.011593933334530942,-0.0014539618649927937,-0.03527931461087568
FR0010751008,3.969860437204073e-05,0.07211514442253375,0.041968133903839605,0.024631185798231592,0.009095142321986174,-0.015934964339480495,0.010633850663562313,-0.021303709059085643
FR0010752543,7.744334795296693e-05,0.18447805329787703,0.07577653515095562,0.04987706618720209,0.015388354953444983,0.03601707087725841,-0.027686471822757318,-0.05135600265223476
FR0010755660,1.907291433303433e-05,0.626047305269144,0.024815220227280627,0.1083342973783864,0.04555643509159281,0.04621071069011505,0.07573901897881781,0.09142327996375105
FR0010755744,3.1915178914534306e-05,0.6256958367342063,0.024724339215049733,0.10857448458973501,0.04652182835103864,0.04542697442551891,0.07609603238492589,0.09055629856366135
FR0010785865,4.434637261438714e-05,0.0017777746455385213,-0.000286001469255547,0.0005786890464236588,5.427922087510777e-05,1.0775728883166826e-05,-0.00044629848381957677,0.0001043792623067679
FR0010794792,9.842413884844295e-05,0.04527666647823547,0.002071859832149847,0.04362646334988922,0.012897958437880669,0.041113788771635,-0.033164133480352666,0.024709442580562638
FR0010813329,3.0500987337196656e-06,0.286700142286628,0.07746970702790244,0.03261449348849203,0.0282342537264978,0.039425639710903716,-0.025379718924703677,-0.051785163241537174
FR0010820332,-5.391068882340115e-06,0.49167820550911523,0.06549962546309833,0.03236464419722265,0.08449357480766961,0.03288226724644787,0.005212913094984017,-0.03446629252438609
FR0010829697,4.264812616387335e-05,0.1377203595785027,0.011691060827758564,0.008604110072851409,0.004416725876650012,0.00650257146163242,-0.006240404378637494,-0.0114403787268208
FR0010836163,-5.940352088956138e-05,0.8618029973846532,0.2640583812912886,0.31066008934537104,0.03125773435557522,0.1145374952780262,0.35896470201999986,-0.15887179816133853
FR0010858498,-4.532178923689575e-05,0.40959918859808686,-0.006873405811935851,0.013597307438252854,0.30802085455440564,-0.005443641327865352,0.015302079374634306,0.045730016370322354
FR0010863688,-6.193915874330168e-05,0.762948988652084,0.14294804401755903,0.23262975621840454,0.08372030328589639,-0.05775109800337111,0.3157064367719697,0.1406913678507603
FR0010868901,4.799325753142227e-06,0.547813355143614,0.07845745055872891,0.10567848880825095,0.016775611103032904,-0.009817018980698804,0.06478450284396847,0.01396461703341377
FR0010923383,0.00046705331290036175,0.09383375406816907,0.2138904194420608,0.2692268861460195,-0.09108116439520034,-0.005240516124033243,-0.2250410260646492,0.0673079006244379
FR0010971721,5.655639839666527e-05,0.8589538253838012,0.30750927382156384,0.2974009705780833,0.03743857484685824,-0.07817817841499844,0.17312419926062195,0.12553739793258828
FR0010976555,0.00031427483289437,0.11406788784010125,-0.0004583160651403178,0.18768934076752666,-0.021128040961050573,0.1325610667185911,0.1391957727683676,-0.05789846190937542
FR0010983924,0.00011659451560181656,0.05150080990877226,-0.08557243378425591,0.15145368249440608,-0.018285039857571413,0.09615433121032392,0.19209431766655866,-0.06675535131486011
FR0010985945,-0.0001167871639144406,0.09631408736712199,0.008028820312284107,0.020938060901356324,0.05545141407247472,-0.03465063273883951,0.004492167098987894,0.058801630510051786
FR0010996736,0.00011241642338121957,0.04052406534458619,-0.006352590797234629,-0.0007368376784396106,-0.044094078006656635,0.12749476946333357,-0.07501107330170213,0.026932377917572532
FR0011008762,0.0004946216950716881,0.20625086365150902,0.005911637624638822,0.24085414341605754,0.11239182037687087,0.03283012276433647,-0.19132008132011175,0.27055070980909035
FR0011034495,2.68697236738363e-05,0.34521847969187536,0.13318464104834418,0.0659651769593453,0.051963088411371636,0.07161143452893282,-0.021070946878634457,-0.0914957238051664
FR0011066802,-0.00015103273676230692,0.003787453475140312,0.021244351902054183,-0.003733677071872209,-0.008146230085528488,-0.009617101346763659,0.0020201318805630657,-0.004810076454759461
FR0011069137,-6.482957088328203e-05,0.8922604364274451,0.0428629371250315,0.01868026244552634,0.9039357529004037,0.03634117345327858,-0.005342820163837109,-0.04127778655123898
FR0011082023,2.0126555435981636e-05,0.8780437963146399,0.3747382270146916,0.2841255817551033,0.0014716021096932014,0.15357579209216765,0.030805154446069627,0.054566408845748315
FR0011161173,-6.914255519050859e-07,0.4483490009634953,0.02615997277976119,0.01975441135135955,0.028075229019477448,0.002078273481945992,0.028662533615380167,-0.0006407638462440773
FR0011169341,5.636010070648136e-05,0.8587205026441656,0.2938693075402897,0.28806073570596397,0.04474859490028668,-0.07669166915826792,0.17062808875838514,0.13823015909310768
FR0011170182,0.0002956793876267682,0.06183747408431861,-0.12128405009397684,0.2212456002088845,0.11479990943886545,0.247341926492948,-0.13029163368768792,0.019248311487393532
FR0011176627,3.6821695043177755e-05,0.0015227413534462109,-0.0005486181930424762,0.0007595015463739791,-0.00010735516766046156,2.8847611979455207e-05,-9.452889436750047e-05,-0.00010104074759039415
FR0011198332,5.928785296891362e-05,0.03201088839022925,-0.0009520323021236518,0.008235436825089665,-0.0006352028502938233,0.00722629560844827,-0.008809162889460827,-0.0005067024896583889
FR0011199371,-3.478987390881175e-05,0.6977229690150155,0.06288281196963777,0.034793536419351734,0.20877268450589276,0.04936277779476032,-0.0017267037670867375,0.021550466759485618
FR0011212547,-1.8631803119923936e-05,0.8048831166278654,0.014308825750208748,-0.03094217129103119,0.9355733295277117,0.05435985361837365,0.03217234207415624,-0.06865768238751685
FR0011253624,4.1580007764003326e-05,0.7023860499864651,0.19015717733198004,0.01175141465521537,0.440810461722415,0.1593739581591206,-0.06574452806529207,0.031167695433664003
FR0011261197,3.0486807449971474e-05,0.7023705055477183,0.1908018422594808,0.011087575497151031,0.44052296810239794,0.16021589511476603,-0.06631115818731309,0.031185715660479826
FR0011268705,-2.0164139021870654e-05,0.26385249060134053,0.02809933631060182,-0.0007357681755791878,0.18591633495893822,0.27769560068545374,-0.04242584765664178,0.13629926183623403
FR0011276567,-5.7713940608657296e-05,0.6546350807836672,0.14285232920386545,0.08615145031238665,0.02950009798821123,0.03568462889603279,0.02724522370888955,-0.0434655727408823
FR0011288513,1.3056309073491083e-05,0.2803374533071177,0.07549539617020164,0.04615434112702278,0.02439584526019448,0.017368110796976133,0.005611127185577632,-0.055969215168662434
FR0011363639,5.375114326161103e-05,0.0033747020666315963,-0.0013983036838862092,0.00026031537964707875,6.966501729379528e-05,0.0003575603256374254,8.066875740133338e-06,0.0008891653408052581
FR0011363746,-1.4407585176766694e-05,0.4363892835357943,0.02130827825988467,0.0223619483359518,0.027688886153230285,0.0030495559632191666,0.028566437816618176,0.0012549876101029256
FR0011387299,4.460051223405883e-05,0.021423685956696303,-0.00043563407361882546,0.002140892141513093,0.0012030186892882768,0.0012092187002926942,-0.0012141702120511148,-0.0012648743774652659
FR0011408798,4.400056866834134e-05,0.00879309107683146,-0.0024983415020274563,0.0005448374653930898,0.00021956044674841527,0.0005167130349574003,-0.0003782524427268284,0.0016466603626701976
FR0011449602,-0.00043020292327453557,0.4211919445581074,-0.062237925103196055,-0.013347136635142087,0.8148620395213569,-0.19309943456332102,0.19242852788351225,0.1354063852745933
FR0011558246,-0.00011115718671465888,0.5760869788503105,0.2292022860929925,0.32483406192927505,0.09088426556465785,-0.1070980237485123,0.1839693113772199,-0.031990442015868065
FR0011586544,-2.9796644257412946e-05,0.795856416419871,0.11199056454042115,0.06936115577119448,0.6151491655863587,0.03837046291486361,0.053824876738919336,-0.04684492401440796
FR0011606268,-0.00010094424669605952,0.6970798943568577,0.12469821020251134,0.4024595267306688,0.07252227901727483,-0.006091504839819184,0.18259128552413487,0.029296273855011407
FR0011689330,-4.3022353775683264e-05,0.7427104132306577,0.14832928147808708,0.4324630376661466,0.056500733469188866,0.028017120343657137,0.050318704374660544,0.047395610977642666
FR0011694256,-0.00014423616766634772,0.39950065887792763,0.30898464149139765,0.392116259493452,0.033340301027319774,0.1010999820488662,0.16613059275136052,-0.2854789569289924
FR0011707488,-5.298452560687525e-05,0.6384216502474542,0.25121193923547935,0.36240847386992153,0.076487336120888,-0.05302694256617271,0.12157232837323204,-0.06835993306215613
FR0011847409,5.7597677891089316e-05,0.7023709970505627,0.18998689151416115,0.011901372160273621,0.4408259072812868,0.15948785639308913,-0.06568831957657784,0.031056138979328893
FR0011885797,-0.000285538120536647,0.40302283329622357,0.5001827320418661,0.43364806699959235,-0.002222875498839205,0.18128840258353318,0.0393643430783967,-0.35133052621707284
FR0012127389,-8.321605290490908e-05,0.7930451471421999,0.23037351671741219,0.1219107381508922,0.5144223488693627,0.05502360500700065,0.06673146480493039,-0.15337855751762347
FR0012316180,4.350751037533442e-05,0.8232658670779363,0.6102520650383252,0.35067390302298784,0.04491997210575524,0.11846218714702891,-0.04740019847980774,-0.09304289007308658
FR0012355139,1.2067313492913559e-05,0.3683227347297433,0.060782779859073405,0.03729932789748473,0.050594639838757144,0.08622213848345109,0.0004273685637743961,-0.03674827141590653
FR0012696102,4.328963165578528e-05,0.3350542484080271,0.046909738007937636,0.028976327782916655,0.015476921437553418,0.03708675853197729,0.0032268962519388968,-0.042037022855469876
FR0012890333,6.231759012024867e-05,0.03514296493152813,0.0038910304357450244,0.011296915663623484,-0.005222538422954335,-0.006241461356015545,0.01235420549033481,-0.002380425546126396
FR0012925774,-9.104214554308252e-06,0.887473715674494,0.3142889127245719,0.31622665842847425,0.03326817797771914,0.040859010210067506,0.06484223970140542,0.13475956002150283
FR0013072097,-0.00015637498390256958,0.6981972901234297,0.4243272378489957,0.4112237319240867,0.04716516075763144,0.04426180802533612,-0.03025051628169803,-0.06420069620280947
FR0013076528,-0.00033698843717641885,0.6361284636458209,0.033241898862274646,0.40152644399548604,0.14818393955426468,-0.252459520311726,0.17535288806354454,0.31753614516992107
FR0013079761,-1.1359634281845617e-05,0.8863720041417009,0.3173629316194241,0.2371913132519044,0.06497644283233908,-0.06417283726008241,0.10172901369277215,0.258406205275301
FR0013083680,2.915106853418868e-05,0.6288713245994846,0.0781453638087725,0.1626371266994927,-0.0006402533162688795,-0.0036430564510855357,0.020604101605281082,-0.0036111251495256486
FR0013084381,-0.00018229987537052742,0.7632938218686687,0.3233184232832451,0.1750330068471419,0.12433744821815693,-0.11161907172770809,0.25260942711727374,0.16653193194963248
FR0013216207,3.5342769939910494e-05,0.6984222499441743,0.30706369360009,0.12391870027592969,0.4577966750653677,0.17832757009895195,0.1767640930234246,-0.36076252815134235
FR0013219243,-1.3599178419459196e-05,0.8493322684106355,0.2666598842503607,0.18182918832920236,0.015931846568404177,0.00725308757663079,0.1054378873287738,0.025539690875725718
FR0013219722,-0.00010836175895969375,0.006964770717516666,0.015631689164699283,-0.005794539846414723,-0.0076011648695552166,-0.016580149294511584,-0.009371291837600106,0.01737534332757227
FR0013254331,-4.378170710007728e-05,0.8318865320638171,0.07867981580832349,0.06510333120883438,0.7804090088187806,0.05484884456520954,0.020091445808495173,-0.09812561744658746
FR0013260262,-4.144956738051641e-05,0.0015843295083679543,0.014572347296471376,0.015299996233240187,-0.004352146556476338,-0.01236122591472289,-0.006193045156208252,-0.014856398069262271
FR0013266244,8.353780525874434e-05,0.043175952362673686,-0.07550568029600913,0.23462896602301297,-0.049424194530127,-0.1398279251641395,0.17039811545394357,0.00034598700652541114
FR0013266624,-0.00021040004418956828,0.665317694302118,0.24265623251594523,0.3590052570590497,0.07674137309345624,-0.1792566029878623,0.32203564907624604,0.03598755026376818
FR0013267150,-6.481668953774649e-05,0.8129199067235454,0.22113894929710617,0.30189131213266057,0.043538386081175065,-0.07834496439866306,0.2875652874859703,0.11471361548120175
FR0013268356,-6.154855587479602e-05,0.5394579187083759,0.023631994805786708,0.04777945394453664,0.3086033442595867,-0.02663653581083255,-0.021301788568957404,0.07902597202895544
FR0013275112,-1.646817817293206e-05,0.9181341661321788,0.34844391565127025,0.29822139944416176,0.01787852220534998,0.040323871134080994,0.016725874149412012,0.19312078218014855
FR0013329828,5.795225912408675e-06,0.039434733216576756,0.04159789217657736,0.03307932352740692,0.0002088170449285635,-0.045754923023495604,0.03150884386892062,-0.028618244604301436
FR0013332418,9.048796397211089e-05,0.3837162790120042,0.13021988832396314,0.05013953778011032,0.05911539431647195,0.08749303759973336,-0.03446233997398061,-0.07791012052957168
FR0013340916,1.593655015188014e-05,0.3176873036714416,0.09632855293265653,0.06031929778143367,0.024007206579225542,0.04933181736823394,-0.01644391957492927,-0.06368805145585676
FR0013342318,-2.2187459874541018e-05,0.7277493411372922,-0.0765953067085682,0.05059263236647138,0.8310977066217444,0.0471018288554536,0.10931131279213668,-0.08897666300013854
FR0013393329,0.0002707237611705132,0.043865782309109425,0.05202483974079614,0.17525795780929834,-0.024282500658951767,0.025983513810340843,0.05174182836935752,-0.0436871085772301
FR0013404274,-4.0087032522832013e-05,0.7450328467471792,0.04146283613314849,0.04376661589699743,0.5314477136547864,-0.024035776398691894,0.03892568184692923,-0.06100332370356712
FR0013411741,-6.836425331206018e-05,0.030195116495709273,0.034029390268212306,0.025326585392947763,0.018525026265904514,-0.07415588660225955,0.04545693450672769,-0.01878741825154774
FR0013423282,-1.566117358944788e-05,0.5288140506390402,-0.013814015273835037,0.06609872394900412,0.21109363076638174,-0.003697927657939512,0.0010293071871522314,0.06545222275514165
FR0013426657,2.0658021327606677e-05,0.3538522865604383,0.11055094343024956,0.052380976165957556,0.04514933066322285,0.06937396587085615,-0.02593680021151002,-0.08035557278230912
FR0013428927,-2.326284758592581e-05,0.3332244353111542,0.028492824126303957,0.10725839386170483,0.26076736001293765,-0.15183896102328884,0.09797891008381923,0.0903443734152617
FR0013433067,-8.011874982999442e-05,0.08074827931661877,-0.018266491087271772,-0.06019992404446722,0.05932500662585584,0.25953085859162145,-0.07852861186281344,0.2139403111218088
FR0013460920,4.552578931875945e-05,0.23442080370792273,0.03712958468402782,0.02714289309628541,0.012530193125241956,0.0059160145845180085,0.004990889167333914,-0.02613650968126978
FR0013476678,-0.0003558023751316547,0.4662212170793463,-0.10012362883524388,0.231650363606959,0.5654722252670421,-0.01999447823499481,0.06881470077334056,0.24482580313799732
FR0013488244,7.283461392773767e-05,0.37355998815400726,-0.1350677746381238,0.10799835894415027,0.3199525893129885,-0.2819867347138144,0.06406436477095612,0.3517126019209588
FR0013505450,8.11108413163596e-05,0.15924559451305775,0.02398428746974896,0.027937615749758993,-0.006861704427075068,0.0010920781645950266,0.008981678329453657,0.01122035648992355
FR0013531266,-2.0375083829280473e-05,0.01802790826793088,0.0024919485297946044,0.008443182543817151,0.006490023887207669,-0.005291446731128571,0.021980573888505037,-0.011203155250606804
FR0013535408,-0.0013764386455441264,0.0002569195897331733,-0.15237940133699202,-0.038580275902754244,0.03830415593920688,0.010898861280762664,-0.02299448789011737,0.1541157392358257
FR0013535598,-0.003982585546932646,0.0006638828317472312,0.19464837402984086,-0.11144890245707004,0.2469212458645747,-0.13028118075929862,0.014191381385940074,-0.10885245248035953
FR0013535952,-0.0012162098092962986,0.008977609741151471,-0.4886896836549705,-0.7440088762353276,-0.01162588903106647,0.11936495961804408,-0.23646985265895615,1.2736783617218845
FR0013536109,-0.0012026797081032305,0.0070317042006320385,-0.6262668545634088,-0.6718587079062037,-0.03790944719537359,0.13788014977873062,-0.15175755592192103,1.2868401439769002
FR0014000IG4,-7.625540653109632e-05,0.3882173337864365,0.09036401572005266,0.11476559379085516,-0.012850487457186047,-0.1698468993287951,0.13315338372622448,0.18398045277602282
FR0014000IH2,-8.945099626245835e-05,0.3888792523656047,0.07907813097998764,0.10221707793412188,-0.01334946465734993,-0.17208187355067794,0.13532950381573858,0.20682316691996414
FR0014002MC1,2.6222387031577252e-05,0.33691382059281716,0.002832485064742453,0.037598999865024255,0.007873024411227399,-0.07345343508125166,0.0628358206649249,0.12827267309148094
FR00140059A7,1.8127614431637233e-05,0.08778824547714648,0.01080198449081347,0.028643764712504186,0.0009683526798066333,-0.017811565360758445,0.027403414451417047,-0.0016818497309741692
FR0014007X71,0.0,1.0,0.0,0.0,0.0,0.0,0.0,0.0
FR0014008KS8,0.0002151111575295777,0.21130899309451034,0.06550892858023508,0.14871747406973262,-0.03642658816772667,-0.07176095336024998,0.12874435882432145,-0.013244510638900378
FR0014008NN3,6.166698833451037e-05,0.043196507450364297,-0.11923479710910441,-0.09770251895430426,0.04577091650028384,0.04094061586359927,-0.06912207886941217,0.35265776305662777
FR0014009Z77,9.036126701312802e-05,0.18360848569182764,0.03453092005777994,0.15671447484712958,-0.01836369124682513,-0.09240238808561622,0.08883637115238827,0.041309201887862655
FR001400C7W0,9.089389816747164e-05,0.05592931054093009,0.006712014757844793,0.0076157149746683426,-0.004960071744114716,0.005811585904050761,0.01454995476911939,-0.005807174067505173
FR001400C9Z9,5.382259168827498e-05,0.021073572206556812,0.005650014093248801,-0.0036904630968598983,-0.0001598677320838387,0.010947955076573104,0.022514590351195626,-0.017746546228909015
FR001400CEG4,0.00014540641159991262,0.11291299795270038,0.10943150799807227,0.04697102438444256,0.09223293488459114,-0.07428894610969224,0.10774814642051621,-0.12609933490552502
FR001400CJ01,7.393775622569642e-05,0.01823382853661759,-0.002987617531527391,0.021877321742756507,-0.0038627002350820634,4.074944683344142e-05,0.009426115219796567,-0.0029129061501147902
FR001400FUB4,0.00011765212256183884,0.1846963533616356,0.059698183992425484,0.11353179864861797,-0.04354852955969337,-0.0755752334453271,0.15395160822593776,-0.041695231970879945
FR001400HHQ5,5.472401521000564e-05,0.020573397391708936,0.0015522082705259675,0.007673796437183612,-0.0015035675219391724,0.006197958558535605,0.016788436143115575,-0.017416689919128096
FR001400J1C8,1.462070160931241e-05,0.004848672304535784,-0.0028549660770530775,-0.0014010177007444656,-0.0005069202275403244,0.0009725407640692068,0.004378910293970847,0.0015022292238597093
FR001400K2B5,5.389847780205762e-05,0.04663167540915103,0.0060864320665909525,0.009234619429737422,-0.00518578436356275,0.006903454782585656,0.021541205446740506,-0.019375719440355876
FR001400KPY6,3.235281806185472e-05,0.003457346456332333,-0.0011213536085447257,0.00032948172290999734,8.28111308989283e-05,0.0005757141290063674,-0.00019193757520715246,0.00041587168611564683
FR001400MCQ6,5.929177844118945e-05,0.07863502634604136,0.0008477654232435763,0.006112603820886717,-0.00629512900754888,0.0016684507053398407,0.0180901703969663,-0.003228726810464505
FR001400MT31,3.367593773217926e-05,0.018357043788146066,0.0002119049994614188,0.0012617254484657173,-0.0012339737216194159,0.002155837379061174,0.003545289616043799,-0.0033532346899974373
FR001400OWY4,1.2519499142715555e-05,0.015264515249670207,-0.0007288477448823845,0.00032107506056452777,-0.0003390226263067777,0.00045277714298065067,0.00041292471899386006,0.0002283441530262894
FR001400RVE1,2.403809566875979e-05,0.030515517845194684,-0.008639160084326747,-0.0021460180305714555,0.0027452915328954,-0.0021178308004341723,0.006275188568696416,0.014250112855096836
FR001400RZ04,2.4868179486661326e-05,0.08293569231565967,-0.02912871736065061,0.07567065189957765,0.08308990370720866,0.012292996006579692,0.014943751840484777,-0.07532823187020152
FR001400S680,3.356130671471134e-05,0.05983574616286236,-0.0018666674646438234,0.001671708526523456,-0.007893699684647218,0.003381436289530356,0.018132271206833403,0.0030299400889795512
FR001400U4S3,2.9564365781456333e-05,0.0813141596085395,-0.0016547528083087032,-0.0016506630933464808,-0.005419276324300323,0.001694857658200551,0.016324905578379012,0.003811234261063754
FR001400YA12,9.74538506329663e-06,0.03351361559916666,0.0016168710829616477,0.021751672655125197,0.05384545638475199,-0.02751517018241431,-0.006785800375913248,-0.01427014644832103
FR0014010IG3,1.2374331850993452e-05,0.011661112971276366,-0.0003617246881861762,-0.003597876041764575,0.00022144064908370372,-0.0014473161139491827,-0.000983762981323585,0.006525689952924878
IE0004354423,0.00012883267154973276,0.1260186014626995,0.10193933772643793,0.24119031238893832,-0.036564217642321456,0.13165959579835376,0.0906066864039478,-0.1742126001433445
IE0004766675,-2.5084897413854714e-05,0.7384079606867533,0.30223041373049775,0.022157063726636256,0.08632686773879002,-0.1626526443197952,0.34834246798983726,0.25481923786061556
IE0004868828,2.8622914833412934e-05,0.19718638755855,0.2811695300122075,0.12661203569781795,0.07152716390785632,0.19967643041074234,0.06160869335917446,-0.2893396229286302
IE0031069168,-2.3843626074007804e-06,0.6436152076682619,0.24797291499932445,0.07915731595355474,0.5379355052736936,0.17055231842341917,-0.018829290789630235,-0.1417557022481611
IE0031069721,-6.245642975347601e-05,0.05028183800192865,0.042590254592538686,0.1875022625732014,-0.024005034810755096,0.10149989259691666,0.1400846906306194,-0.19956342150557965
IE00B0T0GT17,-0.00030459090252944493,0.5574515789126291,0.4505999996366899,0.04954296718134428,0.7835227728532077,0.09720359862191946,0.15689260830562735,-0.5848107774851622
IE00B12VWB25,-3.0673406615677946e-05,0.4400151916372367,0.08258873111196387,0.031417625381694875,0.12103601802893443,0.06395484561473665,-0.019032098954117938,-0.020272937173945994
IE00B4TJVF73,1.1239386173266452e-05,0.488728235623505,0.09107589302791838,0.04411093550790305,0.07374709501124277,0.0882808648108072,-0.04452703895865919,-0.051633939986211894
IE00B4ZJ4188,-0.0002001389233859799,0.6747516430386209,0.16611642060856344,0.20989424717159988,0.12809782030685718,-0.19349824681860334,0.35398698619076785,0.26735150798514684
IE00B7LZ3N65,4.654161533343718e-05,0.014259975490187649,-0.0536239780310633,-0.016952259073970882,0.01333517243900663,0.05148197236477001,-0.013462481566350359,0.0038659170057211414
IE00B975F382,-0.00010909522165195737,0.2858119504427814,0.14051274179557413,0.09263239477402475,0.05090120107720787,0.08021393983398213,-0.07227841913541697,-0.02890986283106963
IE00BD1DJ122,3.894888640341108e-05,0.04218032269307803,-0.00160923857868398,0.164650065411511,-0.024164162843448897,0.046802424958393145,0.20878168037376557,-0.13507412561420873
IE00BD5HXJ66,-0.00021603002625600833,0.6747552038262797,0.16598841686628962,0.2083557871883333,0.12851915674379355,-0.1939722117356258,0.35445939041781804,0.2684017080238136
IE00BFY84Y60,3.817795660455417e-06,0.23088393976315802,0.27296569594406767,0.1080002695752186,-0.011777156622029265,0.1684145705722596,0.043242779090742374,-0.18655675223682172
IE00BFY85L07,0.00012211785738674484,0.18370734870894312,0.2154891969184371,0.04967341542900584,0.014196647012987396,0.11950160880545188,0.08957440089764715,-0.13388711821628568
IE00BKPVHQ28,-1.4155706129528523e-05,0.13997755658467248,0.04482666949877371,0.07252912961634661,0.11198557236335444,0.019832694167646478,0.13822954917381597,-0.13850654635201748
IE00BLF9YH30,0.00016001101802742878,0.2896367960255999,-0.13269341003144122,0.12209094072028226,0.07242484279980543,-0.2998802724199322,0.20238506451775684,0.5018145953087012
IE00BYQ4FW05,-0.0002453135034215833,0.821896445622486,0.10769631148508496,0.031196381342598556,0.9494787662816012,-0.03305006226302469,-0.004852986136640758,-0.053915778969513106
LU0003549028,-8.948250381830631e-05,0.010747700632111945,0.059012093483421096,0.0025779139586734508,0.007388160313317654,-0.044415100082370304,0.04863937792489483,-0.055788675362096536
LU0011850392,-0.0005663405244147853,0.1655113426471997,0.39138612255282496,0.1100563228083919,-0.02161116138372863,0.49986291372477437,-0.17565302141941708,-0.12273335635555356
LU0011963245,1.9293645116720006e-05,0.22816027785956805,0.09005914444542525,0.03720973231244365,0.016948781347607994,0.28399157201248826,-0.07746623195738803,0.13857567023312833
LU0046217351,5.434398791423595e-05,0.43714041463203324,0.42829688826121853,0.4702238866396692,0.024469676739501955,0.18086468126046334,-0.07014927646612196,-0.3318588531334489
LU0048578792,-0.0009189199516962793,0.005266341535993813,3.678259772375727,4.805417471060274,-1.4368373854555432,-2.4382210601549446,2.3535277858694665,-6.644449569713373
LU0048580004,-7.723951824800026e-05,0.9278192371156169,0.05587528997049372,0.8306114505581694,0.02557939123742839,0.0007570520948337878,0.06417749485449581,-0.016063120416777932
LU0048580855,-0.0001798823939109153,0.04126892723599995,-0.00741699711720432,-0.07657793565037813,0.08510704460054586,0.02329880769785851,0.073909910852363,0.4359953961767889
LU0052588471,-7.116082464539424e-05,0.6247279972740325,0.07907755077501637,0.07220891117727571,0.019839948268579925,0.07883272355312682,0.07418095958246815,0.02188557202365915
LU0054237671,-0.0001137927646059266,0.04622828854487526,0.11100469900795441,0.05900524494250384,0.09061676830523546,0.04038436476393033,0.09750068831315993,0.18147896154394527
LU0061175625,-0.00010894081630830502,0.766950124976639,0.3405619252666797,0.41401489200352737,0.05957854146349374,0.1308134923196992,0.042823285517038095,-0.10005740976805294
LU0061475181,-5.9381523663093526e-05,0.7848567195479655,-0.02327889941656298,-0.02749267930722976,0.9363578335815097,0.06672375042215452,-0.03389397243976432,0.08426129748527164
LU0064675639,7.956323870859561e-05,0.5235538863283051,0.20687949524448795,0.29463062026199605,-0.01641803808611582,0.13022306934439004,0.2249116840472698,-0.10971547348855293
LU0066902890,0.0002702786330921049,0.0034916242928226815,0.8569092506939422,-1.1167003415230425,0.5635845531396033,-0.02066633419525643,1.648070019766366,-0.9532326790802976
LU0068578508,6.385448026783214e-05,0.6153907654910695,0.17120418766201656,0.04781992716579042,0.34847612572086595,0.20800277304685533,-0.01187480704557143,-0.08838675261862915
LU0069452877,-2.585211101141082e-05,0.4077984297333699,-0.03848667849346362,-0.02927394350048329,0.12340166823455428,0.29028807783134325,-0.058134601093438765,0.37516676941412674
LU0070992663,0.00025818619896295265,0.34351755422492236,-0.07342916260117423,0.415800212816958,0.029096722291275107,-0.07465657384742361,0.16186424147785555,0.3062258833600813
LU0072462186,0.00018993211281407427,0.6958375072233891,0.4293148574975435,0.4014650124289459,-0.05288678132819115,0.2703810212419969,0.012054142395556425,-0.24555632727153268
LU0073232471,-0.00011509603561122816,0.02411199914066431,0.5096148641993765,1.933877794654098,-0.0020772921550716306,-0.16379032332319,0.6816631602375068,-1.8125888569186739
LU0075938133,-6.566563922793739e-05,0.03394021504310352,0.03182763130421273,0.012566195440413895,0.02436626178336969,-0.0738159779754262,0.05444452352565707,-0.01704193638369565
LU0076532638,0.0001167666165178741,0.7742512944475445,0.09435170382338447,0.08979829196092415,0.6178222896869495,0.09807790680851439,-0.07198862831048528,0.036778488735694614
LU0083425479,-1.1500425344477123e-05,0.6294594697693601,0.0032373675906411333,0.3519848536220147,0.021802035194240926,0.08136040056215482,0.3734192302443867,0.11595445813903899
LU0087656699,4.1366013996576965e-05,0.7572669518537606,0.2225141807100047,0.3442450332399177,0.052399995169649854,0.01976787560928142,0.10682945918686029,0.19720562874907888
LU0088927925,-0.00014053154970098802,0.2594770450888366,0.5339919889806006,0.4765484496566817,-0.0728962583820849,0.14559852556827504,0.06488185219345002,-0.5300854566897072
LU0090784017,6.311169278160904e-05,0.7428437703168751,0.04720638493579199,0.4144544787447909,0.05009755282684142,0.1523617148126304,0.17108005747769323,0.11003926761475732
LU0093502762,8.948659754123633e-05,0.6618901012492304,0.4760920066787299,0.4148395913242776,-0.025854842175142,-0.14165870981979803,0.04101624896406442,0.04541006077372606
LU0093503497,8.61171953173489e-05,0.41996336169304316,0.05554857094353032,0.17951994983635977,0.0017815481748857873,0.023485120756228925,0.13588377518109632,-0.058353921786637133
LU0093504206,3.4793267089967734e-05,0.07364584998497947,0.09913620943249381,0.05501945766674922,-0.001285688109359924,0.010879979589741715,0.023230915041285955,-0.08072072284983102
LU0094219127,4.3644944364853994e-05,0.006527813262241278,-0.0020533884847110735,0.0006887205938771459,0.00010693006189225031,0.0003064610123414105,-1.1593147605728105e-05,0.001175889481302665
LU0099161993,-2.4961442583410913e-05,0.7422932018077483,0.21966233188644005,0.21944475719551687,0.05269157584903151,-0.0841600566881899,0.3083034309286689,0.17730775652235184
LU0099574567,0.0002500349656597263,0.6017308170069918,-0.15327719916088237,0.3000116508571755,0.20201749188711776,0.021592731134306986,0.15783367837564388,0.37637499038838224
LU0104884860,6.302190192478124e-05,0.4207316548950073,0.22201619397554315,0.32341084445665513,0.010491506792581679,0.13673588110838558,0.3153151207621456,-0.3289943984274494
LU0106235376,1.2905798781307062e-05,0.616607526234024,0.33263446123220974,0.49117246509062074,-0.024298864839538803,0.11659747930895933,-0.004730282896066168,-0.13230951195275564
LU0108459040,1.1443764493652444e-05,0.4226349205938199,0.0901001483548022,-0.08198240165770475,0.6920909319607909,0.00948810723926079,0.3777429203644463,-0.18978734023599242
LU0109392836,-5.9289041071767536e-05,0.6865659684238065,-0.4029944475212123,-0.15699650720878927,1.2305675949176946,-0.37201692141097675,-0.04941499840697232,0.8003150675859363
LU0113257694,8.48155811688033e-06,0.0535450581618403,0.045284802019926,0.058587239858602654,0.016490395714761564,-0.008251734438447032,0.010509072398178495,-0.06567742816074909
LU0114722902,0.0001906528666514346,0.6840197906376759,0.20454607343610012,0.1854074809851966,0.10906694063967645,0.5033104684021777,-0.0112810058730545,-0.030813996703463797
LU0115290974,4.6062255224812835e-05,0.3083782313269273,0.09140433410259613,0.05937322254025859,0.03612376506631733,0.049356564384765336,-0.013525885656721606,-0.06496071355766381
LU0115773425,0.00022618489638000076,0.6017210244365461,-0.15261203291308859,0.29893825633314364,0.2017858249882207,0.021248822785587512,0.15677764197052718,0.37774966349690114
LU0118140002,-7.318831998095557e-05,0.438738274987438,0.2645069516901624,0.26237227231967847,0.007144875456328581,0.32774303418897544,-0.0557507126595114,-0.021047252439548553
LU0119108826,-1.0374081933061605e-05,0.48606869168960554,0.019291066498421962,0.02582093311055149,0.2103010401324893,-0.004366478840117573,0.00838925145717978,0.07050331526676115
LU0119110723,1.217618308950974e-05,0.2871433906406863,0.10629589010919639,0.05927536987917554,0.029692680435028936,0.04662160588650393,-0.011609577819942419,-0.05277737921267679
LU0119124278,-6.230570829390342e-05,0.8928043861423115,0.22365003105648204,0.25606097156768015,0.014033890788696449,0.3068594525731916,0.18071866943304343,-0.03799698031167065
LU0119124781,-0.00016771209401687202,0.8120875524104475,0.19520068195808304,0.28768341161160244,0.04612566707188201,0.0012607905809995934,0.3262912010463578,0.05224253886157709
LU0119176310,7.117389802209393e-05,0.10398737359000121,0.1299423198089631,0.05319493417656075,-0.00951345549756938,0.053944765171039286,-0.0371535292720821,-0.07975343592584329
LU0119620416,-0.0007231415915476282,0.0018455476887847544,3.7136169020718603,-3.0961664051820152,-0.5214363346061619,3.326595647533806,-15.076313065851071,11.026521083484143
LU0119753308,6.986047047044456e-05,0.4546559582123746,0.30822033857492553,0.25848711408953073,-0.0005848273408457089,0.1233486403592204,0.1915490481026379,-0.26118110510813075
LU0125951151,-5.590898509743401e-05,0.8024961997883701,0.4105717423711865,0.09647311142494636,0.3605766971975449,0.05570742381243437,0.1934992680762609,-0.20883413637616632
LU0127700903,-8.4342049649167e-05,0.6755597857326292,-0.10540177296020643,-0.0035268795305607448,0.8991463662667745,-0.23881100026702892,0.009538545986265828,0.31047577280620725
LU0130732364,-0.0013867472124325388,0.03196474977106756,-0.2043646892156238,0.27645049217901096,0.0772029953090872,0.519978035629419,-0.1834768403301803,0.43812777528274316
LU0133264795,8.862280204792163e-05,0.24758807418355544,-0.004255457097366611,0.1987335274617039,0.05200524954582608,0.03309058012038929,0.20459339774706378,0.047490809976643594
LU0138007074,-0.00025277429495203186,0.7139082344180825,-0.149001869656545,0.08051697262905544,1.0008083301352435,-0.25040736012325937,0.10238731808344553,0.20097183769938903
LU0138501191,9.804403862297817e-05,0.6398185720361902,0.28635262982657345,0.1877550792988149,0.37753892344150286,0.31580409836351464,0.030233308443162125,-0.2817772617851741
LU0138645519,3.451617081286518e-05,0.2744807175121745,0.0884671001904493,0.0667168193288784,0.03334129889673268,0.05828731245586652,-0.0373550228819068,-0.06600063363053035
LU0141799501,4.3770347440270974e-05,0.25323666256093846,0.11926292225594745,0.06344781539099209,0.01991710338433493,0.05371822800354381,-0.012037548917024736,-0.09152325307001977
LU0144509717,0.00012292148678186968,0.6727330645380173,0.3117166459557106,0.2793130528447736,-0.04785768763457879,0.15998145752056261,0.25589290484609384,-0.21778091922067921
LU0145456207,4.645044241597963e-05,0.8849204282515447,0.2941971554216955,0.23206855062019677,0.032656936222721034,0.03763762254142125,0.23164029274086628,0.04864215199638902
LU0145476817,-2.976313207417252e-05,0.042115040246639146,0.030106285523485595,-0.000854642009257283,0.031764558102298134,-0.06528977324515216,0.05526454038910941,0.0021594295771096284
LU0145483946,-2.742323672344612e-05,0.10711338286890904,0.053661955662277605,0.043071559343481954,0.026322726367381186,-0.016089006985402235,0.018331735107343317,-0.04915157348179818
LU0145485214,4.937522554822672e-05,0.07838545691867849,0.0035947141176628475,-0.0026203274234779276,0.00345096393517047,0.00045803954227860476,0.0034198948512978956,0.0048437278934690894
LU0145648290,5.058872537625041e-05,0.13844860275646775,0.05867604242501766,0.04966709090389415,-0.011190978884567958,0.23429470531103597,-0.02800030301207137,0.0716333298498134
LU0145975222,-1.1336099921502988e-05,0.04909380534936714,0.0369718434093939,0.027102168099471354,0.019621543290990025,-0.029123511228750846,0.019125088948692973,-0.02874086749648873
LU0146864797,-0.0005552904654220596,0.04811458086943532,0.464128307282573,-0.022090552045648276,0.012027307652096843,0.043535702929303186,-0.21457281680328338,-0.03802064062063239
LU0154234636,-5.789312961815579e-05,0.582305104327756,0.365765597649121,0.2917211651657498,0.006344944698894545,-0.1140719022304646,0.2535842167554674,0.019571700252272978
LU0159042083,0.0001909749202626169,0.4546917142307366,0.17197866507599788,0.38787103554806845,0.004882538042251666,0.1301506337009103,0.1348321294624521,-0.07496884596584744
LU0159052710,0.00022514875380315802,0.2848925207022157,-0.25866670786847723,0.530345666573268,0.061292230025608685,-0.20416029126734608,0.2629060105244678,0.42693249894770136
LU0161986921,-0.0002350698156054408,0.7473565987790575,0.22886146215804154,0.18026775268804493,0.4716502695951732,0.05110354109783958,0.2147472328248794,-0.25463228486908623
LU0165128348,3.053009658284874e-05,0.009018510685737668,-1.108215639977927,-0.7734511274984817,-0.6723388668563276,1.2875512273988803,-1.2613337355787764,2.7379284758415268
LU0169244745,2.397034578409217e-05,0.8811903214518794,0.2949697818357817,0.236403605625365,0.03301584481018777,0.034501942044961376,0.23359895026197788,0.04308128100971023
LU0169274734,4.917222726986479e-05,0.2073128550614668,0.06288923257221588,0.040024493012539866,0.002957886797280535,0.0048286377388471625,-0.009407843085809268,-0.017467028290350756
LU0170291933,8.68490306369594e-05,0.4131012458599409,0.0889782943825611,0.06394245383768907,0.07424020675661477,0.03955447619752203,-0.02103147330943715,-0.06528348490730335
LU0171275786,-2.5462306953025505e-05,0.282802435462572,0.14527292229094024,0.08491628275909754,0.033508725743670024,0.317736361118825,-0.10717090316376739,0.05875236283115355
LU0171285314,8.225408240236485e-05,0.4238220159438839,0.22634853778252492,0.29586647954093503,-0.023464892231590193,0.06444616908801386,0.20005844478137408,-0.10241351102456095
LU0171289498,-0.00015169378782433206,0.32005262305408055,0.329319671332951,0.24374691840102455,0.023039720854652015,0.6507880724574121,-0.2861718571227378,-0.11540527202123552
LU0171289902,0.000194549797356321,0.4158629188956877,0.14103489853115334,0.4432914481430773,-0.022077713697581436,0.09517295977037704,0.09127097162230877,-0.0424938998200074
LU0171296865,0.00023920191898018205,0.36127239343848927,0.029017514171340558,0.3906075927029711,-0.031474701306240915,0.19017312384830712,0.1597578381252056,-0.061377355234418784
LU0171301533,0.00018323351688815124,0.3430539481494257,0.4255517127310435,-0.19708761284619913,-0.11080683926190753,1.1840065294966782,-0.5276953963907685,0.04549348445622932
LU0171304719,0.00020494416980617878,0.5032304831952638,0.41188056407511514,0.5692741178578489,-0.0176709411281184,0.4643920174795051,-0.14387996475111445,-0.28133620585691427
LU0171305526,0.00048738706566891165,0.054419094208063123,-0.2189837319335807,0.2782194767747075,0.047865869233447184,0.4403570233394759,-0.013047207908521846,-0.06790189043968714
LU0171307068,0.00011666668335035021,0.3166433989890257,0.11122560359487745,0.1811688207320263,-0.08455416623360465,0.1293369601645863,0.5291657756540638,-0.32034689197484995
LU0171310443,0.00026018044863219297,0.2766930105629243,-0.1977859872787513,0.4060291635021722,0.07534158716803503,-0.1512199956835917,0.22503918808800785,0.3763634580355277
LU0172157280,0.0003180396855426598,0.27523207011762174,0.019517696157845887,0.17514917656618711,0.0266939849144546,0.6813012000996783,-0.23082470068327338,0.11051148266430519
LU0179866438,2.356662045758693e-05,0.7077381977876926,0.1583097128016676,0.10958507598751457,-0.014635842305123478,-0.006507689060416683,0.04246533984714396,0.1095848944896143
LU0180781048,-6.863895797040876e-05,0.006633504375635035,0.08318881297719964,0.046383123018695786,0.008644213147606642,-0.05701590148658423,0.02365089454316327,-0.09653103117831133
LU0185495495,-0.0001623694772535962,0.7472235137971568,0.03897155247381515,0.019170066231267824,0.9260462262012781,-0.012729042500880139,0.027809650389513663,-0.0813017435818274
LU0187079347,-0.00013179554041363223,0.7060181358804722,-0.04564680350065851,-0.06422168718690041,0.7328718243252519,-0.18080933624583484,0.21229875135131077,0.21081323981767952
LU0190161025,0.00010581542398179508,0.20403015985179096,0.07986172874249359,0.2653177094902015,-0.0866114701665363,-0.0032117887880055984,0.6129450729746581,-0.1557759088480193
LU0196696701,-0.0004618673739731653,0.005093047784585414,0.4145710068574787,-0.11233337315278157,0.7891204341742187,0.2560426066574865,0.9173411971483144,-1.0606361008071967
LU0198731290,4.895266583843837e-05,0.5106625077304106,-0.1084024513342913,-0.008036248830018494,0.6045626408831657,-0.2266052284818681,-0.022828812263831377,0.24632149431618527
LU0200683885,6.0931400190120784e-05,0.04754056426918818,0.1028992089996576,0.06621397965152483,0.0024252919658820475,0.09156114274759172,-0.0013472917436781594,-0.13834475116165507
LU0200684693,0.0001869277876996961,0.44864709764399746,0.13974170922169268,0.4269907085025463,-0.01673290024471094,0.1487794376462671,0.11715307662133978,-0.08089579964029531
LU0201078713,-3.79504283802757e-05,0.7683000851004209,0.3100888568041157,0.5619908231946104,0.06908596858638655,0.13995570824723141,-0.03932908031452889,-0.11754276015103476
LU0201575346,-0.00011350834861598895,0.4190182180079518,0.4061677836503124,-0.010827235994741197,0.5234552222199406,0.49568271597266955,-0.30632046630408744,-0.09617210081200588
LU0203937692,1.6030452253304705e-05,0.3989537774377572,0.04401727335834279,0.07184946866879996,0.24650681163918559,-0.0055383663940526615,-0.018111351542064856,0.034502585168364325
LU0205193047,3.789011690706476e-05,0.3478581139638519,0.25860409671892126,0.337612792374157,-0.04557985921751036,0.2352613652044369,0.038405930003220845,-0.10556677054925684
LU0208853274,0.0002530347497933373,0.39016096495916053,0.16849986640080178,0.006267279309425833,0.027239761586333483,0.9352853419702023,-0.30057127875161127,0.015131492702459434
LU0210533500,-4.534395589353222e-05,0.2645319081675348,0.046975313998502195,0.17061834799637784,-0.02283822302349031,-0.074703403711918,0.13257836357753025,0.10266640258170691
LU0212178916,0.0016532073697249799,0.00296346354129029,8.3388798587586,-6.126757451176351,1.7009394655459849,-6.80528338835576,3.0997211535953073,-3.379483634203387
LU0212925753,6.72459445602686e-05,0.4789951669538438,0.12275523278192382,0.23646520537561885,-0.009728388459361928,0.050965988936727366,0.06897587737168792,-0.028655506079344667
LU0217139020,8.488249739001401e-05,0.5421111253738173,0.7568881534445111,0.19037519803770434,0.00017578328512937724,-0.06701530006579781,0.13314224999171906,-0.21020328646166384
LU0217390227,0.00023353637545318935,0.4008775255511662,0.14058318568894454,0.36598436877831886,0.0025155745746710118,0.156990468233042,0.16751070062258672,-0.12423937883893138
LU0217576759,-5.628857940827222e-06,0.2948725788698212,0.04146332275289021,0.16359833873440488,0.04435532830538906,0.2810793916888232,-0.02637956967184721,0.09695458443843694
LU0224105477,0.00011366252423222224,0.5867982800560594,0.38368798248004654,0.3333632092349983,-0.002029098498124618,-0.11203512637599747,0.18032652296175394,0.02919937245054635
LU0225244705,-0.0001903475999466959,0.6549670702370983,-0.17820605325058123,0.03330257736761855,0.9726343335407137,-0.21800492423684031,0.10170956653081276,0.2814724468687427
LU0225737302,-1.533142895938458e-05,0.05504916676535632,0.34102191174643287,0.8218032151145849,-0.036716263640304614,-0.3408338177964892,0.3851717668105845,-0.40115205116989777
LU0227384020,-1.2805782441420164e-06,0.19940023296976794,0.09725374262911891,0.11974756003112773,-0.026278008665248553,-0.002114950919624395,0.17645674725611624,-0.16704806999958496
LU0232931963,-0.00016015603175268498,0.27932532191598636,0.006546570171031652,0.0014764266238224688,0.026833740131177654,0.3441546762459111,-0.12229805609826551,0.31708319215180886
LU0244270301,8.587291835831446e-05,0.49942171834547333,0.3201137767405773,0.3422134898346529,-0.031629513408338666,0.29857193803268833,0.09982389457458421,-0.25943297464041104
LU0248181363,4.9253033715211976e-05,0.20705409787080953,0.38195875417468517,0.2119046843715728,-0.024073718309649897,0.4097972954066576,-0.1584566163602824,-0.21789744541243394
LU0248271941,4.8077247574122655e-05,0.1505375128434766,0.31626087143175574,0.06809318724199961,0.05704521393082372,0.2785431448031434,-0.013564532202572647,-0.21404038372363268
LU0248320581,0.0003133715923176167,0.32054874282871904,0.13653274845757946,0.20041684647184613,0.061867091257708,0.13542207770050402,0.11905145626262115,0.0017448569502057087
LU0249332619,-0.00015053347032060964,0.0033846973709541484,0.37298598444418857,-0.19087140028241162,0.22701306394712348,0.22357379463492305,-0.10280460904266059,-0.32364106077744614
LU0251127410,7.005742777283576e-05,0.5119841948956987,0.15137998198282307,0.18210950298922896,0.15504042904640797,0.3388601164423456,0.11093967151032408,-0.16681892143117866
LU0251806666,-0.00015836247219272112,0.5723371361679133,0.2844798147713035,0.14829053170389841,0.8604953480599828,0.08592044401126187,0.005241328825779504,-0.2691558067122866
LU0256839274,-3.925028717990165e-05,0.30145048495080606,0.3277745450811333,0.3369367251866211,-0.03152271988128835,-0.050533184646384816,0.2256481936016242,-0.15168997101467205
LU0260158638,-2.677489543497679e-05,0.802423943429342,0.06085989619613614,0.026485398105008384,0.6330664218207713,0.10427532875238343,0.09086487757192142,-0.06331339250879796
LU0261948904,0.00015227680383073094,0.7692192253723155,0.20247732904105353,0.2247500053875443,0.0401256536837892,0.2125929184948785,0.007850209116045045,0.14223159154827192
LU0261952419,-5.465351513213707e-05,0.46441561565867295,0.022759065587099354,0.11987973700668442,0.14383307489585678,0.10711154358009527,0.522412233786939,-0.16872207281930493
LU0261953904,5.001473982245605e-05,0.10197111208452758,0.055566671596156816,0.01679668746687609,0.048477713838624856,0.11233386695459108,0.06437897693102282,-0.10283861948995719
LU0265291665,3.9720597040470284e-05,0.47096125278552226,0.02574127298883961,0.11175368132819558,0.013645071256722416,0.0033086348508002614,0.03224929473288393,0.0006946840569060364
LU0265293521,0.0002544688646958772,0.1003515658597427,0.16517887805932946,0.08100888675852672,0.055007001174173585,0.39789085241818656,-0.13318882070996413,0.04672514926338563
LU0266009793,-6.142634623374152e-05,0.007638307838271574,0.03183329870778019,0.041085097204330144,0.01781246895953234,-0.05755809235570333,0.023487958453513563,-0.039638807997836756
LU0266012409,-0.00019450932150943923,0.5040862961350774,0.4607442770483136,0.13837519866015127,0.4745488682201725,0.17761872991811148,0.10157853236739617,-0.5817426118565661
LU0266117414,-3.4528060823209024e-05,0.2080398233307209,-0.07553840465007931,0.5838570221521577,0.12675856815844158,-0.39720704739720664,0.36976206662993016,0.3118739664052433
LU0266117927,-0.00012133893361611727,0.24230172738828848,-0.0503747783848801,0.46806067866273304,0.1119692748928746,-0.33907140028236704,0.3410918843184002,0.3489721539405023
LU0270904781,-5.3267863701556174e-05,0.36890255105681746,0.07453837138000916,0.5156454469662926,0.03460493138785803,0.015175306245392706,0.2816322485719221,-0.16864915365713057
LU0272828905,-0.00027925662139591,0.12321260127360156,0.26658037921066763,0.10273294637055376,0.008670291571257396,0.1470030354706754,-0.11550576236500748,-0.027354929445759242
LU0273157635,-0.00012277567145364438,0.06804855946683142,-0.1111923354094118,-0.14020003256101043,0.04583070962148845,0.2500990885129405,-0.15641898108968544,0.4348055941595042
LU0273158872,-4.3801573011452574e-05,0.3789859439884884,0.1856652299353613,0.17401656335104482,-0.01677581915283527,0.3871394846183682,0.07637829319996269,-0.20484337467112415
LU0278457204,3.3586082732341946e-06,0.11103039982830232,0.08633716449213982,0.08275661129964026,0.0039433914505003324,0.08790891883417963,-0.05001915340606107,-0.07844841562544666
LU0278937759,0.00018807445202655268,0.20091079480352958,0.14590346839759036,0.18290821786664255,-0.002864076016505568,0.18389588378850585,-0.027123277452008196,-0.05480342142056563
LU0280435388,0.00018077913126580955,0.3684530533816285,0.006427090627836697,0.390481601145736,0.02841680421103482,0.006359946899211322,0.1308864108291819,0.2377746534752933
LU0280435461,0.0001583906549473259,0.36823654168927134,0.00696990559666113,0.3904390616856913,0.02819806307447309,0.0064766913633595435,0.13035467396961842,0.23765206680422302
LU0280437830,-8.17650190053815e-06,0.18148331957969288,0.10547334342214074,0.04577154380039513,0.04484263417002073,0.11755530608037736,-0.0393379062299192,-0.08133828556633371
LU0284393930,4.3261425386451525e-05,0.26411341551907064,0.05833920361707769,0.03889301459126576,0.012671815855018332,0.02389671704754108,0.004676950290729936,-0.049271816128846437
LU0284394151,6.902295184767271e-05,0.7794362729435379,0.1996415272392204,0.07559443916327102,0.008264630423483285,0.10465649187746069,-0.05598184633311757,-0.06776331151324252
LU0284394235,4.6882669021127895e-05,0.7795655016204899,0.19982112110362296,0.07537915670077419,0.008084233032209062,0.10466413900173478,-0.056154493899591304,-0.06740967098669717
LU0284394664,6.837376373269348e-05,0.6487832600595365,0.13413418206314132,0.10063929136302585,0.11876774209310417,-0.049390287876392505,0.11678390101832961,0.06595853701092416
LU0284396016,9.55808221907465e-05,0.8503268451646683,0.45872760688846437,0.3362650426517957,-0.008892410123962496,0.3417623903971674,-0.0806947148173702,-0.15120456488741532
LU0284396289,8.537666553025243e-05,0.8412527389318719,0.4478423517598591,0.3352184207147344,0.0011108310762247275,0.3438514146223686,-0.09128657804464475,-0.1465072726030957
LU0292585626,5.208584906585956e-06,0.3861319213507518,0.07651733587096371,0.04544546658031898,0.06933694553777066,0.028056953969278573,-0.003043487538557694,-0.06453986127497019
LU0294221253,-0.00016573378627888054,0.1069409558611828,-0.06983780105698853,0.0067572020197312205,0.06549881752010328,0.003293028527179491,-0.007893104928175122,0.1398829052991739
LU0300507034,-6.815317523714375e-06,0.8257106603967388,0.480571974214904,0.4662730314116572,0.03031905854014469,0.08089706418083517,-0.03516288866985487,-0.16820244517349967
LU0302446645,0.00012733540564003568,0.458351818606315,0.21507865613886057,0.3654970181931058,0.008427369110548394,0.11409297059918594,0.09279356632776019,-0.09643784670824124
LU0304955437,-0.0001897811879575943,0.6586802448597864,-0.18191224735657593,0.02981085558513058,0.9967117993526912,-0.2053152859722246,0.13896204436894585,0.1623151402210942
LU0316218527,-0.00011136001303324315,0.7853239292708695,0.31907709892236863,0.3974446472650555,0.051280458926084044,0.08070382088498704,0.16789153314376795,-0.12535320741059014
LU0316493740,-0.00012325517272888448,0.022699942500315262,-0.03682111281372028,0.03134113571921851,0.007362505715521748,-0.04018895699558907,0.021093045435348165,0.051235725734427494
LU0318931192,-6.1016600047554315e-05,0.21907144677286539,-0.08639921867745544,-0.18908124806072873,0.05688313007802059,0.3081685095169927,-0.06467877677965508,0.5400838193446911
LU0319572730,0.00010155920599495976,0.04920445663212858,0.06385213802363926,0.05303125868560483,-0.09398000002855086,-0.03867671865667017,0.10486351570256085,-0.04463981479828236
LU0319574272,9.067688169149981e-05,0.036900778408817225,0.08412226532993274,0.032243125416797136,-0.0679105706576086,-0.03247192534163117,0.07786137248766004,-0.05286023395389646
LU0319577374,0.0001669484418547206,0.040687328424001135,0.11447514359495381,0.07440716267328167,-0.13097694339918547,-0.05923260364200961,0.1276777268806972,-0.06650498785047873
LU0326422176,0.00012502331766876592,0.3855726364419003,0.452518763696087,-0.14470345651396965,-0.11387608825571334,1.124803573977069,-0.5542280806217104,0.11320260116605624
LU0326422689,0.00039827072794406006,0.07257344726208159,-0.15549802011555516,0.35769635875306044,0.08392586371666773,0.4029325964082922,-0.0035152373507474355,-0.11200632547029676
LU0327689542,-1.9688825547930735e-06,0.24023715421618363,0.10131841648015837,-0.00660853837249048,0.1238289870483797,0.30118479627624084,0.015371379989629043,-0.011408113881680414
LU0332315042,0.00016174872374758497,0.008665048329624336,-0.007904563420332512,0.03560321199205868,0.0007196896014484248,-0.02341028171026148,-0.008773437141783788,0.016013352377978983
LU0333595436,-6.165080953308998e-05,0.7646716577331977,0.07663684835061609,0.21903691803847802,0.5657586313505669,0.07472719334577325,0.11471105369712,-0.11547935099121429
LU0334663233,-7.477468489068892e-06,0.3532248630071433,0.2833874694849483,0.40087956442894535,-0.02700633155431513,0.20691094047221437,0.043524849041437025,-0.19697554910343373
LU0335216932,-6.751417025585101e-05,0.44935522775063086,0.1992766774808753,0.3379766325520095,-0.02084556982136221,0.0070953017315200095,0.31185089015456136,-0.1906590426970647
LU0336083497,2.789356476447355e-05,0.006359015601437368,0.01880171756203854,0.004928602456516811,0.0063268757636450595,-0.026953727780986068,0.03394245917965241,-0.030347692233373306
LU0336084032,6.668442499971585e-05,0.07109880962387116,0.03356654583171612,0.015601494164576103,0.0012362017435013925,0.019461241401702474,-0.01666371808585436,-0.0017551351902627792
LU0340554327,-6.860524024147558e-05,0.22644858358184883,0.14089739595886458,0.10570804532382301,0.0423315833497536,0.07284944765112104,-0.07674890831045703,-0.04658937328129891
LU0340554913,4.370957990211096e-05,0.28249662135843145,-0.11466567694816784,0.3835314705750828,0.054385504784391914,-0.05750997145955561,0.1596266135531063,0.2227074102908061
LU0340559557,-2.8353863075262955e-05,0.42636037655649806,0.33641563918865924,0.41016502959541046,-0.02025552032352998,0.314642399419164,0.14522307035258467,-0.4002600274402448
LU0344046155,-0.00015155935633576241,0.7165833359815751,0.18835892721253078,0.24664775882320195,0.051525250555384323,-0.10236129751395023,0.4522319946068713,0.027605857674359385
LU0344046312,-0.00016376833357753342,0.7170306572484604,0.19182094364945346,0.2468220045650556,0.051364533647513026,-0.10260478627878947,0.4521802265609025,0.025412651718410645
LU0347711466,-0.0012761169319113618,0.0036800300884691772,0.4372955578482172,0.21790403565235417,0.6731826286471431,1.008133135920178,-0.09582554450729297,-1.2810997293972917
LU0348926287,0.00012910010538123395,0.46682834421467956,0.1470482470564633,0.40416357162749905,0.012662322864783221,0.1319459061819519,0.19783036359209413,-0.18047151555607696
LU0352132285,0.0001435868339660594,0.15142486317311477,0.07233135443318689,0.04228310990456263,0.1615061567984394,0.17871876286713928,0.10754715108536682,-0.17360068185193328
LU0352312184,8.960673007008808e-05,0.1428097176526144,0.045200583492107704,0.07746461311702721,-0.06864739977402447,0.0068547284689272694,0.1447555226569558,-0.05129145777649574
LU0359002093,-5.6555074715692193e-05,0.18443892196568334,0.124216687205468,0.10910027021076762,0.011285656150337955,0.06920494482389587,-0.07325061010987703,-0.04675300199631198
LU0359201455,-0.00014907674273622148,0.12951392193309008,-0.053183255742199696,-0.12756172995681314,0.04695466016008335,0.26748028656391887,-0.13612584818074608,0.4922681351770747
LU0366004207,9.719631950209477e-05,0.26529113324672915,0.11942624285356396,0.07470519207518797,0.18840382443255693,0.12600224415722988,0.06344227210243535,-0.13631403391314856
LU0366534344,-0.00014241396468276816,0.4700233983282458,0.257706957284311,0.24861143602157001,-0.0030720456966492754,0.11631323850002914,0.3198643990481133,-0.3109797667144085
LU0376989207,-1.1083433786469346e-05,0.03225213825393847,0.14117938201180297,0.02432111873775554,-0.01782436004847684,0.008527387247766227,0.022386515171764158,-0.10076682211194413
LU0386882277,-4.6696269164508866e-07,0.45879044716440587,0.16984000041459676,0.3675542700806845,0.010620289274039213,0.053669905656542394,0.25628043891232066,-0.138919148998327
LU0389656892,1.790554800855154e-05,0.8955756658517994,0.4170736111273187,0.2190812144238687,0.03355834602087479,-0.025958686762275807,0.049280976543181435,0.22809003707948314
LU0390221256,-0.00020183699174876224,0.7312627883045882,0.2719779025507155,0.6679936045544459,0.045378540916979015,0.1231606679803677,-0.05791045286216648,-0.22395116108162755
LU0406802339,-0.00026925871100159563,0.058728088975376624,-0.21824445759149425,0.3033995404695451,0.7223803200828876,0.24068368442068014,-0.009522197598084592,-0.1060364217091756
LU0411704413,0.00010127109699154775,0.05724791991963574,-0.03517888010508013,-0.01792136486258377,0.019085279970655154,-0.09121591080729374,0.1536072014344093,0.032421354923106264
LU0424800612,0.00019476566283668897,0.31986965597839423,0.0904495241654243,0.04184892319255973,0.11537952181419378,0.23433703810142337,-0.02132496025815552,0.01749377271337718
LU0432616901,7.1459434658939925e-06,0.11462296630019653,0.17238866108562542,0.10170676949158887,-0.01007676441608353,0.05384274135256503,-0.006177877973540757,-0.1562378035364966
LU0433182416,3.0238030065372396e-05,0.7475954458581865,0.20046001693796853,0.09864059925101132,0.36976899550556075,0.15836415511751564,0.0008685515133350433,-0.16433300522913374
LU0438336264,5.302936233782234e-05,0.1493072281623603,0.03821353337523003,0.03780369494356585,0.005552155683362852,0.003543268683222873,0.01343671043916084,-0.0326466488476854
LU0438548447,1.800983903537868e-05,0.17890553973655599,0.034640359803515514,0.03306872249835203,0.015241066544154119,0.014290778130074452,-0.010510962669159078,-0.0393874997671397
LU0474363974,-1.9241225239599515e-05,0.7175272256403833,0.16337237919023928,-0.019455718122239757,0.7867389027614261,0.3179661601471085,-0.036603099438354846,-0.24325026924690954
LU0474966248,1.7964453480189793e-05,0.8058634062352205,0.019813235489200644,-0.025815932773873645,0.9394580136455173,0.08068217400208208,0.03399592926407441,-0.11024854372620095
LU0474967303,-1.0336377231972633e-05,0.325914452545198,-0.06597731752427881,0.4119195414560878,0.05539488342447542,-0.09132642271721603,0.13419017410486012,0.2528178397019319
LU0476876759,0.00033621062387271703,0.17145913719743688,0.11670341630967977,0.22775157776603805,0.04764548793222914,0.14059139015218805,0.19764833050209069,-0.1630438703323097
LU0476877054,0.0002080092408633066,0.1820659833092585,0.09628917385807244,0.12658198010035507,0.09800831301186899,0.1558272875516059,0.21306479001286527,-0.12780586278792594
LU0493246853,-0.00017315323052864278,0.6446320303791231,0.603517793655365,0.11584987382504405,0.8757116700095577,0.2510859604025634,-0.25921514733258544,-0.4285644366624984
LU0498185056,0.00012488460985982504,0.10603539410820795,0.12215035634274785,0.22658848216765115,0.02854230406259871,0.09294896738348443,0.2245143967140385,-0.2623765025278285
LU0503372608,-1.7833852002161924e-05,0.08020894576680204,0.0851971956054379,0.03730632899243831,0.02974378136824403,-0.02918825319394054,0.011757985452421274,-0.05045405868829181
LU0503631714,5.72288247941885e-05,0.40021291908776946,0.07692792162116764,0.36120743736858996,0.0218557069905419,-0.04238151732643028,0.26012653832823895,-0.004546992806767569
LU0503932328,9.122622500421876e-05,0.4889732301369516,0.39160829168538114,0.3206777134003863,-0.005392384757804736,0.08990342952138856,0.08454415505186892,-0.20869527466892143
LU0505784297,0.0002464829312145607,0.25463720771403453,0.28278247571662124,0.18833488020644076,-0.0815921497809492,0.2937096176678649,-0.006668972722840338,-0.12301528938362159
LU0505784883,0.00019713228431511175,0.22650400640749346,0.3192940881293707,0.23401594914086463,-0.0627849213462389,0.24847687927643136,0.004140990232564895,-0.1995513891408195
LU0510167264,-7.002356123843393e-05,0.8197214966363162,0.20043875889782206,0.03528408245041098,0.7842860084717177,0.27453908301383406,-0.07550852357993809,-0.1979042022974239
LU0524465977,0.00019095616991108633,0.7068589426839109,0.2548993252022306,0.4357711307430774,0.026750186277998134,0.4269664399393254,-0.06731880795805145,-0.14655479619880624
LU0552028184,5.083555923260938e-05,0.22494756533653526,0.0988778181053702,0.014449011470905798,0.08319400265717135,0.2959895314747014,-0.04721516267743726,0.037227393098309115
LU0552029232,0.00012800775851227013,0.14671337490798153,0.223660245775296,-0.0237732166837802,0.04268607703864285,0.2803405041949856,0.056145595719329464,-0.12754415728607937
LU0552385618,8.648260995210269e-06,0.35466901902685544,0.12920106662106454,0.3457842863785384,0.09596997330339216,-0.19113239393365056,0.15521196025575207,0.2591006568535896
LU0557291076,0.00010289273696257554,0.46075688791129743,0.15079423585867816,0.4033716902674094,-0.007124323500502433,0.14626199388556366,0.09631735595794133,-0.06863352962349359
LU0565135745,7.4061643546345e-05,0.2387012580149357,0.13640140444767382,0.17341120487182815,0.3725494087268131,0.18856014998648765,0.08653138808052638,-0.3571078417041677
LU0568620560,3.41048545220254e-05,0.006405328380397979,-0.0022321692355535736,9.945242357481529e-05,6.64751984679776e-05,0.0004194303709544361,1.3296800054360207e-06,0.001877319240441613
LU0569690471,0.0001382370414243829,0.14128553664571974,0.1285832618595184,0.04625828751435011,0.051229944037275446,0.17791596913020044,0.062210765693952744,-0.11590668230674134
LU0571100824,3.529031630222772e-05,0.600358391690553,0.0812329888522997,0.130567444291421,0.016691788378204273,-0.01911371103834928,0.05642391433351206,0.003909490564142443
LU0572952280,0.00027011898771286524,0.308591612602381,-0.16655267049377628,0.3459427800951232,0.0525728580703896,-0.08537159024139626,0.23907897676082351,0.3328615078510697
LU0592698954,2.0122006478431674e-05,0.0007452609336576765,0.0018082979981548692,-0.0010345862407541437,4.274392587350171e-05,6.263656895602978e-05,-0.00400716759088466,0.0016517569678018945
LU0592905508,-3.8829217692459264e-05,0.9135999413378861,0.060569114026756875,0.019735238314178283,0.9426552518595456,0.0427437882740068,-0.008482128676903164,-0.07314793552381076
LU0594300096,-0.00030017865311592355,0.2011766390962566,-0.2076353094579922,-0.22749694237812948,0.0807897056548086,0.2647443949234745,-0.09342476033491723,0.7963113291578533
LU0594300682,-2.9624425558957823e-05,0.05724650010432897,0.021367751024400656,0.042603604306417166,0.0038596434336245324,0.0024329906374032997,0.01995163962116983,-0.033995740773689984
LU0602539867,5.924617492353453e-06,0.20945233968222987,0.07327182759130106,0.09093149428198263,0.05750356770988345,0.27989454799891256,-0.10631521077224138,0.09605302396683853
LU0616241476,-5.2455543649215176e-05,0.07617446459748711,0.05082823570382598,0.012808857869652706,0.0367373172237329,-0.038092815924154824,0.05211016134636061,-0.033781250543179604
LU0616856935,-5.890236876262032e-05,0.20636357828323448,0.47989719690201077,0.23944519726621827,-0.1034048782455009,0.5937137942460758,-0.3241444364375183,-0.13568325298926903
LU0650148660,-0.00021472174075092552,0.005599114723328524,0.03860293338184178,-0.08415840611621615,0.01101342840491517,-0.028798446684498175,-0.0864691572790064,0.14770312911932953
LU0708055370,0.00038446080006320643,0.09669168217626933,0.16297073747173477,0.12398775237131146,-0.0025109691660767375,0.14081898257284736,0.03392188383825629,-0.18786265946922756
LU0731782826,2.2302263194944982e-05,0.7808231830204764,0.08773102380012254,0.1890150832169365,0.05163998165556694,0.21476153049241103,0.3380268839208393,-0.12022256247938842
LU0755949848,1.9197560672935582e-05,0.8443960422019366,0.2407763154295428,0.22109416906559023,0.012005090671923596,0.19946928225315297,0.3574050279566944,-0.22216284711399223
LU0766462104,-7.640063756098668e-05,0.31385239251814945,0.08111570037531984,0.2590937747309039,-0.0028481613174151793,0.03850295159111504,0.09208377879360594,-0.05524210943290628
LU0772926084,-6.469906737617453e-06,0.08260680431262224,0.12693481005718435,0.06369168178079768,0.014170672701716442,0.08327566165876493,0.03360319174094964,-0.15453108444267477
LU0782296676,-3.2307695310260524e-06,0.03699232344784742,-0.023336940234109666,-0.01526335694838346,0.006773391583828364,0.02299058252598944,-0.045953752747498085,0.08956673217354477
LU0795840619,-5.4115737821111674e-05,0.1929695567860028,0.09233772765819326,0.09498038203918378,0.040360687791016044,0.09393127070120934,-0.0022170886613085278,-0.09351815027420411
LU0823410724,-9.870310954494625e-05,0.6067582994094411,0.26184753729145266,0.06160264797119028,0.8639902932220277,0.13029559336849517,-0.000432809355069827,-0.26793482823925097
LU0823413074,-0.00010934472032024071,0.30388100699288567,-0.12113417040280279,0.060190666684539484,0.2139418528557744,0.2491987132466155,0.043151475974786364,0.16772501528355788
LU0823414635,-0.00043101671631273774,0.04086845017258678,-2.082286646565133,0.20086600328593973,1.0489394150107363,-0.10859028094651058,0.23261662690541984,1.9950134396620758
LU0823421333,3.411275419701532e-05,0.6939081504947033,-0.14523630170995477,0.007424714674233002,0.9966283750710896,-0.22006431399646165,-0.06477086226280337,0.4024669179330641
LU0823425839,-0.0001149692433819604,0.11447450529777037,-0.10172489511641328,-0.15795389178267236,0.11696457298636931,0.25451791947397645,-0.030381034094905095,0.40616351131913175
LU0823437925,5.742376872622712e-05,0.29638229205786826,0.0715864895242288,0.14056065262349238,0.04804953576160511,0.20744125401082225,0.014045464393286411,0.03736038864290071
LU0828230697,-6.63472288714832e-05,0.03361278184722738,0.036826686891278625,0.015044588394615161,0.021472476625519595,-0.07373387790769491,0.051701166630985396,-0.021044265160015733
LU0831102792,-1.7279960723668922e-05,0.3367404363303126,0.2640562905645602,0.3075221695245207,0.004112083824632462,0.5896673523819953,-0.2556075244021291,-0.0829407883584671
LU0851647163,-9.63853212035027e-05,0.7446114849250733,0.2303949597115523,0.044776340195022385,0.8566624128927673,0.15293206308873333,0.04050072983258783,-0.35101685757264595
LU0870553459,-6.759268847202594e-05,0.6674089467654267,0.21270412778685374,0.1991654956319568,0.06003566443131058,-0.12285133145710048,0.47135193394568276,0.03375868937346957
LU0880062913,8.621845830789185e-05,0.3348701561340841,0.06735263902286988,0.1988340453060255,-0.06380380449571448,0.13429823313499095,0.5802373582867397,-0.29565416334492556
LU0907913460,-4.166693759493356e-05,0.28073284846403557,0.10595072313737183,0.058777006889159086,0.07489986547993394,0.07635506656241188,-0.006013749019341177,-0.055122135094652344
LU0907915168,-5.592370712015125e-05,0.7388909072274132,0.0800775956939032,0.07142328549451113,0.27708958471594797,0.06904825355742049,0.02580713686544192,-0.059454979220499596
LU0909472069,-0.00013267428897855563,0.7235893397176459,0.12331748268631093,0.2392247966758591,0.7434171991617504,-0.11017905263915548,0.152412509926715,-0.1908484326459882
LU0914729966,-3.946215038744044e-05,0.7671686963856788,-0.009589328145529628,0.07802749258621167,0.6053650280625874,0.02251913246539071,0.15294517361242108,0.006348069593329508
LU0914731947,-1.5629463239903328e-05,0.9005705227427871,0.32637477932909603,0.3248588714772691,0.033607489422158576,0.02363748814799624,0.05999287207981406,0.12636054666558816
LU0914733059,-9.459655883421964e-05,0.7597382674771184,0.17907483730561918,0.31094971263750987,0.11685504750961269,-0.049916562196221315,0.23645109169725453,0.0861609244411323
LU0918140210,9.079543766397181e-05,0.39814444944122773,0.29365764098880415,0.41789113825005864,-3.9888087536549266e-05,0.21599930786349436,0.18443487534451664,-0.3292195632695051
LU0935222900,4.8060912683855884e-05,0.06625382191261509,0.05725765330621337,-0.02984078672626646,0.03938783476012793,-0.006577462670472333,0.013387532790557473,-0.0025004277402895583
LU0935231216,-1.694961974074916e-05,0.5969825533258823,0.10876962911988099,0.08819072338601135,0.22493370678710875,0.14499365895945965,0.2546639766058396,-0.2596467873464863
LU0940716078,-3.672753162605736e-05,0.5809889173115632,0.0075380235489436115,0.07034405748900407,0.29658199757512854,-0.06108117656120179,0.021832878612921124,0.07703282524884308
LU0942153742,7.186369647140381e-05,0.32833377208091785,0.10042703003285167,0.06408370402778403,0.029572915700541776,0.04555378907017467,-0.014081014564466709,-0.06634430195254341
LU0956005226,-8.983520867622221e-05,0.48162077764219124,0.06027647070247938,0.0993601542765733,0.6249825717615998,0.008402315556223242,0.03952351242457823,0.03309506593235541
LU0962745302,0.00016762011296319262,0.21957231975610025,0.2085929800097067,0.384395018451299,-0.15662010272021934,0.16638906642664392,0.1273610668267633,-0.25826093369601577
LU0972618812,7.939054516643817e-05,0.2637786284095365,0.1178400304843442,0.07117573334906625,0.02277956663428017,0.21401185576565854,-0.02821502249598603,-0.07417142845540713
LU0985951127,-1.586617782685406e-05,0.6255735596877408,0.0960191613541246,0.06935912700368327,0.3972917552491647,0.17616054345141913,0.3166779936322113,-0.35756889206356357
LU0992632538,8.270534824567446e-06,0.6374494263129062,0.1405978878296939,0.06765127641432828,0.03575694854144585,0.10801792248091925,0.03798240573777939,-0.10204180906919418
LU0996179007,6.0027182347115095e-05,0.7982486675883529,-0.059616054191864394,-0.06603258916813398,0.9204612481571132,0.07969059301322726,0.05780180823647048,0.002878621059974412
LU1008513852,-0.0002333395633546819,0.693644414114323,0.04366096190334341,0.06911594854626174,0.6815343454203735,-0.00829788420959636,0.036140343597006006,0.0680122428806206
LU1033933703,0.00017579428145924903,0.4225565671247081,0.17239486240796248,0.37483867361255924,-0.002574046565072652,0.17196599100245816,0.16850153410635108,-0.14639904096232906
LU1073005974,1.6359514822527295e-05,0.00937406301754029,0.06327869330213702,-0.028836233280627628,0.005406413363931183,-0.03214429894135405,0.035802362294836826,-0.016692623369750557
LU1080014290,-5.2582456670058735e-05,0.056512807096182116,0.030818760826509473,0.043954969403057605,0.02987388041707644,-0.03817130010757222,0.03634487956335123,-0.037965898366685874
LU1080015693,-2.6548147780998224e-05,0.18044315649005205,0.08282674563346416,0.0401668435002924,0.050219866372010105,0.05628385604924872,-0.029663399080969502,-0.04122192427399956
LU1100076550,3.945242698171267e-05,0.8205862187424755,0.3363688834921826,0.17179880515805254,0.05178488852351822,0.20741138080815374,-0.04596552637194129,0.1218185489535705
LU1100077442,3.716476523307192e-06,0.6994286320351479,0.09843367224324946,0.04197259157235001,0.00781073839836092,0.0439332002376991,0.0032523105888900387,-0.02817536698311222
LU1103293855,-2.9345536609299094e-05,0.23136194533253795,-0.0037327796662798315,0.019851082473526765,0.15411857687140848,0.3097653265878671,-0.0510567572903281,0.10899983367150534
LU1103303167,-0.0001250482081073266,0.6036573772768696,0.4669906384675478,-0.055231025315425133,0.7854888466383386,0.575256715854843,-0.18222487691334974,-0.47944246335358337
LU1103303670,-0.00019420090244664815,0.6555752119800377,0.4679396616855911,0.00711815380087269,0.7775903156489431,0.5508282689377951,-0.22859244758235808,-0.4158853539779216
LU1123620707,3.3600729485356456e-05,0.8250869952842816,0.0030816331303587866,0.057836682627827984,0.6839722528267006,0.10437469162589573,0.07702513904165072,-0.04070066501466371
LU1143164405,0.0003970489682563363,0.14097434999005742,0.04631557303024371,0.21297813799704496,-0.03465144707041229,0.139641200433065,0.16507090996482032,-0.10978960087592152
LU1157401305,-8.786044238239871e-05,0.5087896192498951,0.2692196877706655,0.09353069841589244,0.25771475497951823,0.07192298386171334,0.05720178775994875,-0.3094433785535606
LU1160356009,-7.485360320675912e-05,0.552422425212354,0.09941224382169372,-0.00454920838926412,0.4912914037611646,0.13329457917231163,0.49800585968071065,-0.41011246067002227
LU1160363633,3.16189991345543e-05,0.3525958823327592,0.10227116029722418,0.05862646693576882,0.047000087824897424,0.07558408353220167,-0.021594475098000533,-0.069541477512119
LU1160365091,-0.00016057727258896466,0.09584011398488734,-0.11846087862274163,-0.2768525441455321,0.1524795114754854,0.27905676461057854,-0.12489403636133306,0.5331683920315105
LU1161527038,3.213616872804094e-05,0.08316285557365477,0.03634344499942423,0.05527955547824884,-0.006056597828305116,-0.011069124187767513,-0.004132743978582673,-0.017897389985743632
LU1165135440,-1.2729083359638643e-05,0.7341679445856133,0.3079141809650943,0.18556225774143656,0.45350797734859954,0.10020119663660515,0.17805669883165443,-0.2968006763581654
LU1165137149,-0.00017790778771133305,0.6980268082966228,0.3515951500562561,0.15663551491600983,0.3010841328451867,0.16467830967998748,0.1897615291311201,-0.3714567254273215
LU1183791794,-4.99326281739753e-05,0.7224768880734276,0.25782145402475287,0.4066786308881542,0.1061554825970677,0.027973357913450264,0.09930506702098243,-0.03272237917680215
LU1191877379,8.441164830915703e-05,0.10900943651787942,0.12083419260200054,0.08291760428515195,-0.016339659419859102,0.05297942746483733,-0.04370705608327278,-0.10841308173932145
LU1209226700,1.698644812326826e-05,0.8766955708031253,0.32141692465343297,0.2861418432319555,0.027482997215783886,0.05882993513422925,0.13287826388479165,0.07725070377707322
LU1234787205,-1.7154097149819296e-05,0.8592858017370086,0.3448155078659063,0.24036653213137174,0.0370182716983532,0.020364989461537933,0.300270739318778,-0.0649238083047704
LU1234787460,-4.2514273665060184e-05,0.8592599686671709,0.34497331268777737,0.24013502881120716,0.03695221181088838,0.020274840146551107,0.3001595168747946,-0.06466989913829116
LU1234787544,-6.490746073112675e-05,0.8592303191723929,0.3451245488996217,0.23991804835155384,0.03688172536036236,0.02022515302968579,0.30007910036354873,-0.06445692942469569
LU1235104293,0.00011758277568024242,0.7640464242939202,0.15122772923267028,0.2642191913485967,0.02847411080782168,0.3089394492912644,0.18620571686619822,-0.01721487785074985
LU1240329380,8.789179201505281e-05,0.5137598171408249,0.507873173662093,0.40223260627311797,-0.024390733513463325,0.199786417470212,-0.1294029516023832,-0.2581159693067179
LU1241524617,-3.2211580448774556e-05,0.32688275903681485,0.07290997447132584,0.07665579511079898,0.02913269883145949,0.029660358083071058,0.055272499218629555,-0.06553461586458842
LU1241524708,2.448293590799276e-05,0.5050169994272775,0.1214578488062022,0.1734895353859754,0.024269527541392298,0.0811687080608687,0.08401872487133237,-0.0776526275386127
LU1241524880,8.346479295830977e-05,0.5064017762514393,0.12472384219210063,0.26684440191143394,0.0029609700675361367,0.10902567057242578,0.13359855680087643,-0.055534423379719366
LU1244893696,7.053254123718516e-05,0.7267384013743687,0.1312487333291685,0.09483512165531519,0.547314982027839,0.14960422527012457,-0.025493413850764937,-0.08076020721583883
LU1253540170,4.001606610455102e-06,0.47385010065818944,0.06284143592790582,0.03496344815006777,0.08321560904731345,0.03034885723222147,0.005437890821919901,-0.029400158713824117
LU1256216356,-0.00011866220425823905,0.030765003825179327,-0.03741247655940585,0.0310061213040675,-0.019890698361102292,-0.07773261583127053,0.040645004347389005,0.011032109241742489
LU1279613365,-1.0183011913629406e-05,0.24307939258578104,0.159364880080412,0.06576812483270317,0.05560696653327721,0.2734846797421954,-0.09598625497976013,0.06312288130740189
LU1291158233,-0.0001433857892729093,0.7202949453013299,0.20109964794215954,0.10780064744355955,0.47081374719869845,0.15272375604932645,0.2390873930154462,-0.3244890861775823
LU1301026388,-2.3096626910876683e-06,0.8350549686675088,0.17109390016231452,0.23497199572009375,0.1777872607065777,-0.06781103938194707,0.13392982793272948,0.21161925701563838
LU1303940784,-8.268048753160359e-06,0.6393365164620632,0.21321867280278148,0.41458801662809297,0.060277658735892956,0.11236036924815812,0.07908030292683585,-0.15516279025369087
LU1313770452,-7.837492554634923e-06,0.052340507327317876,0.03646495133445549,0.027783343558699842,0.017190225396555098,-0.029571547377534757,0.02257959117939578,-0.026368119873891906
LU1328849358,8.6241651676519e-05,0.0929152830007407,0.024706624312937183,0.01859886055475022,-0.021343442881972936,0.020701826858333806,0.022530774832536696,0.0074650220036451415
LU1353950725,3.660568590081073e-05,0.02657028737507483,0.009065215824982499,0.0034023203351882685,0.017187362327776772,0.012602055037651707,0.0008824229433074344,-0.01728449657762109
LU1357655627,4.914734020104874e-05,0.5986078621078348,0.14675186205527213,0.13423347239316927,0.0892847262842241,0.042062740004894066,0.0022102864346761827,0.03437069154375451
LU1366712518,9.639868902773567e-05,0.7647593877974782,0.22401572743694073,0.412247988723863,0.06451441936689116,0.12626510696460214,0.14458989240843126,-0.11311729459353337
LU1376384878,2.4448251020422785e-05,0.23337959748023152,0.09707505154222007,0.1159299869101993,0.004806222823583926,0.04651820457087489,0.020210052879717097,-0.11183913169953881
LU1378878430,-0.00013609925220404282,0.2521680235842414,-0.00011752012545631393,-0.05738530417777449,0.0021611993586978587,0.2398476606276234,-0.11352482554163668,0.5616592601724868
LU1401871436,5.231488993529528e-06,0.001132649914550643,-0.0006535504320438061,0.0012628594727113833,0.00020364304141109514,0.0010051086362952509,0.0002936120875039114,-0.001315383664728156
LU1433232854,0.00013840199908551028,0.154020342225751,-0.014966837289588208,-0.010168328023159121,0.03944160547058854,-0.009198019924097557,0.028065229955537323,0.03820092273354897
LU1434523954,8.80066255936169e-05,0.13093762974389944,0.05635055052564363,0.058043619847658906,-0.04376488061768291,0.22569655328981642,-0.0035118360497426726,0.04481992704649091
LU1434527435,-0.0007856381632809343,0.04384177670382172,0.2232563694229307,-0.14719014389643043,0.5897126348036678,0.016948084294745595,0.13182208263217335,-0.0308440228481558
LU1434529050,3.696306638771035e-05,0.00849268915247392,-0.0009779094851923447,0.0006855895433412152,-7.318829566402811e-05,0.0005114532006864886,-0.0002696103312838334,0.0006590017192736391
LU1435395634,-5.854478485432443e-05,0.03452374320394991,0.022380547437344578,0.03918393237481116,0.023578321666707813,-0.07445892771315363,0.06326956720397153,-0.03783613920815998
LU1458427942,-8.657898206151785e-06,0.6963465829137576,0.24826206392475283,0.06907012720670772,0.8009003573162086,0.259482554138202,0.06522571684359924,-0.4648176778580587
LU1458428247,-0.00014561263582327152,0.7780006747228004,0.30549335106541525,0.126857314670752,0.804351181883673,0.22846432327313262,0.016699604711945565,-0.44855816210994565
LU1472740767,-7.63933178235841e-05,0.02985447501714833,0.04526198107096061,0.01875081629405396,0.03007818550025325,-0.06599261550881516,0.038335050940631124,-0.028083464511462472
LU1481505755,-1.9516580185096385e-05,0.7609366498876269,0.020060706536581884,-0.0010640227430522842,0.8707860620971148,0.02666219803050665,0.12433876451549883,-0.16151661457846142
LU1486845537,4.5962344316075744e-05,0.3119970705280418,0.05594677623570675,0.03061506745545344,0.013643631711735804,0.029946341566654384,0.0025844521406836653,-0.0421017158808019
LU1530899142,-0.00019049593658525046,0.6625941752357459,-0.15500172761667053,0.06790818159074169,0.8701615264151136,-0.10924646262420427,0.03986716820662026,0.20790375481233608
LU1557118921,-0.00034077909182465165,0.7184305347172624,0.05037109788009773,0.14041085839768608,0.6445857565427066,0.04197608993381444,0.1487461643853002,-0.14538382633679417
LU1582221328,4.043050676931148e-05,0.43968060751927707,0.33405776640938567,0.4571852422251972,-0.0002229700335699969,0.18570609855962855,0.15542090001033435,-0.30152205900731177
LU1582988058,8.879641893990453e-05,0.340907812616439,0.1496048130298575,0.104062164400158,-0.02930869544002397,0.13405149307980813,0.009128641931781957,-0.09831212383592924
LU1598688189,-2.8225813771042842e-05,0.769055901166422,0.35389758904556406,0.18237278906743143,0.05766354029298573,-0.09869528465544702,0.20347208378209813,0.26569222470814613
LU1644441120,2.3773303333681995e-05,0.355266304012556,0.08546286897306872,0.05807627733241755,0.06419523592216066,0.02609800976741597,-0.006922348602397006,-0.06348268519022808
LU1646585114,-4.2300427348466223e-05,0.2675645733008307,0.07119149625827914,0.04117292414744225,0.12585881854800055,0.22174320358378247,-0.08449274465748753,0.17286536424029825
LU1648457023,0.0001221212127498503,0.3300710136777205,0.00633207832903781,-0.006402933846613057,0.32110247481040244,0.14865789193205003,0.021208200438344982,0.0499685095499995
LU1653748860,-0.000157185923675602,0.6535852718543949,0.21633935771634966,0.06467553229871137,0.35165952841477865,0.22133142517705867,0.23082059650943776,-0.31210817165705845
LU1670719613,-2.6325815580983516e-05,0.025010621845858116,0.048908317827938884,-0.0047789755617798566,-0.010697043451678684,-0.016858998551260378,0.04217983463280879,-0.09259603418665384
LU1670724373,6.32555980826982e-06,0.05809930828403631,0.08394707225890208,0.0522768939071483,0.004911680324106681,0.0246009533340259,0.043230080124600945,-0.11889520694105757
LU1683285321,-0.00044581020157816723,0.43915579089652745,-0.014199516339928542,0.08203628883906278,0.9345144175998187,-0.20244896788861677,0.24699406311525446,0.007025150424799731
LU1694789451,0.0001003798056299452,0.26048392719515867,0.07218155730762697,0.011531910292829128,0.022945839175908637,0.06147693891719557,-0.02139464308012672,-0.034627875615913205
LU1694789535,9.482815140458217e-05,0.26033614163763175,0.07208931084244874,0.011313928885823941,0.022723951789340495,0.061728146545389315,-0.021423309448261228,-0.03428482943638667
LU1718711747,-2.7172365193331563e-06,0.004451257517610552,-0.006741933829625694,0.006416347994072132,0.003280079345089117,0.005230068227638851,0.0011563487298295713,-0.003083000532723968
LU1744646933,-1.4078911275144045e-05,0.7489844918796724,0.035551940898944444,0.11768536352729114,0.6225800480520189,0.04934003069246144,0.05037115395542352,-0.0035907829842758976
LU1752460292,4.9247275355922916e-05,0.05997230294721523,0.04602299282134045,0.02825465262179054,0.0022462142164570327,-0.0015289270261654407,0.007821525121846348,-0.04064678145500478
LU1822774284,6.111737932104905e-05,0.39780468663464474,0.15328848061274972,0.1993184156920388,-0.06709578327567237,0.1163114599019866,0.5271185142730284,-0.29792268272444655
LU1833929729,3.897789027414931e-05,0.771229981971385,-0.0718662156643964,-0.050937499407759323,0.9523502595377619,0.07804731767490457,0.05280499816575731,-0.02599543558783761
LU1833930495,3.0212353434153588e-05,0.2880708675809014,0.048325493001898895,0.030455749902432418,0.021394839351048172,0.0243468045826557,0.0036550759978046478,-0.044179436268132546
LU1841614867,0.00022824223002292673,0.6520697920237573,-0.10991673376255455,0.3277535918643142,0.1967256364250709,-0.011572217013547492,0.10358571310020613,0.421671852932048
LU1861215389,-7.004126775480158e-06,0.44855716104964705,0.31186700500528286,0.48711287815362225,-0.005943417705115556,0.05569410552860468,-0.047610128304348354,-0.019101103067307
LU1861216510,9.834957504260605e-05,0.2810646910422141,-0.10521974495116099,0.4737733599287246,0.07099222159236304,-0.16234525053876098,0.17168739370462577,0.378102554653439
LU1861217674,-0.0002509416564882994,0.43612872176496265,0.4055733620402005,0.6790593276001027,0.027750522143991874,0.10692571946699264,0.04939564171388619,-0.26141127572559464
LU1864481624,-7.175622952053617e-05,0.5542629190087289,0.08841595995871805,0.07053794382792969,0.45358806669565455,0.016790083924441347,0.5077545937973847,-0.29450453105525976
LU1877633989,-0.00038233728876400485,0.4237167280559624,-0.054519916380413605,0.03942752026735302,0.9426719756700694,-0.17525225603196048,0.28565168959229736,-0.02934428424005045
LU1878469607,-0.00013072879816422914,0.7070071195341352,0.2831741795170078,0.149611120619836,0.9239244799494124,0.1561921591027866,-0.10059044829321273,-0.3083557485949155
LU1882445569,-0.0001974953509086859,0.12169103694830885,-0.018411548031693092,-0.22358023121752402,0.22509887892512093,0.28595381336370657,-0.09823925036192277,0.38576070583580396
LU1882449801,1.4359907170166138e-05,0.095258420981715,0.12074653317880837,0.003431630278843763,0.07293803730615467,0.13529698222546102,0.00020190227163191174,-0.13023818561725864
LU1883303635,6.648751316809331e-05,0.9047799541610755,0.4763003134684268,0.27235256426412224,0.020981584596858754,0.08989228027129559,0.01521290307619462,0.07554717737730501
LU1883311224,3.463567289912906e-05,0.88941913072555,0.3128385923901013,0.2993735682331827,0.021221226324783307,0.26196805053692096,0.12003697070684598,-0.06286113713064936
LU1883314244,2.3855173764370956e-05,0.8500992828715032,0.5278966739820361,0.36639244282079175,0.0034195057886035746,0.3540505248608271,-0.07848168926557075,-0.13326876419472647
LU1883316371,2.211090355392822e-05,0.019356328605491857,-0.006065820426569026,-0.02796320444812382,-0.0032015441639891493,0.08819671786973676,0.05658952937673484,-0.049402785001702726
LU1883318740,5.4396571635771256e-05,0.6973632440830337,-0.017270349967142915,0.21635341941802644,0.3514042001394605,0.11550260202004228,0.2169717681741118,-0.09022466894190961
LU1883329432,2.3302782226805507e-05,0.4311027246938117,0.046808074531470636,0.06947638713544027,0.06217521225693125,0.016149075882291863,0.01856199146233457,-0.0047036775075482914
LU1883334275,0.00014263318981958136,0.05545682126116025,0.002326505714325307,0.03302304747330473,-0.007094507125423694,0.0010115114377868394,0.02349326154837636,-0.005742423756906274
LU1883342377,0.00015666258354278263,0.7271853742991704,0.12630738428892602,0.10821252057748904,0.48544247451759787,0.22666925438282032,0.020463895529387113,-0.1501095651421286
LU1883841022,1.1136212442439748e-05,0.020052756766408164,0.008369787660613222,0.009106675673873195,0.03854618848966117,0.058223852776732754,0.024700165591819086,-0.07043637414570839
LU1883848977,-3.3450076757732836e-06,0.013578188275719771,-0.0215095762249894,0.009602545014688973,0.025162561339250555,0.013342359964959132,0.03641206239888204,-0.07059790070482934
LU1883854199,-3.701499500357046e-05,0.7670751312064099,-0.005807064030242889,0.006373046759024947,0.9574479342365619,-0.04631965610981115,0.07486449210348112,-0.07853112862343602
LU1883854272,-9.378720664744331e-05,0.8650859952637702,0.0369980905019331,0.05363551034385372,0.9589506434299085,-0.08693491249598914,0.03233811541599946,-0.038314409493619916
LU1883861137,1.98686274665476e-05,0.10455324292676194,0.1116345752339743,0.003664891375078663,0.11760746999670672,0.1187941843393112,-0.05192728610905084,-0.13011681679666068
LU1883866011,5.545529952727014e-05,0.44967804594606176,0.09857848735784044,0.032109823868041676,0.16409823459375328,0.21386622088580964,-0.005430587723087403,-0.07109921881075115
LU1883868819,1.24312159780779e-05,0.8789885929303934,0.375473368485412,0.28239087133032037,0.0265012663358508,0.15391230832218059,0.19781304223086427,-0.05812605761306516
LU1883872332,4.4908852597308696e-05,0.7801087097970691,0.007845976590652155,-0.0379005679415475,0.9614459540277035,0.021481009442381578,-0.007586508756949176,-0.01646343232081518
LU1892829828,-7.627029280719085e-05,0.6452591335036018,0.18594337128085806,0.255972294148847,0.1401102891324813,0.14600257223920693,0.21419067361562882,-0.08102800092146623
LU1893597309,4.1787503675059666e-05,0.5168190672080348,0.31921337897232527,0.2823416371162275,0.0196777863690437,-0.13156194409483662,0.3446447911208599,-0.06606391968051081
LU1894677027,-6.437919675422604e-06,0.02320207034663191,0.0022469216794826783,0.01188281627548529,-0.003990849169436239,0.0007146678750272672,0.026012812647856785,-0.0074515140494595174
LU1894682704,-5.075681899785906e-05,0.6823903055857852,0.3322454381549331,0.00546546364873024,0.7325734356418493,0.3215055585830223,-0.0016094152605360262,-0.4369085396879859
LU1894682969,-0.00010361743982867071,0.7647803621518154,0.40708609207948737,0.06149663916833292,0.7344370454554798,0.2636101548881637,-0.05388054824659097,-0.4217720109158523
LU1894683009,-6.58625237738718e-05,0.6871390078460269,0.34383441864782505,0.010065815103747683,0.7173936902280947,0.3159744074918907,-0.04949937506700063,-0.3255485464385017
LU1897613763,3.444752740961539e-06,0.2580378186362833,0.14216025334258522,0.09848485416051035,0.04256321585393415,0.07097971008328519,-0.033880180729399904,-0.05174272917215581
LU1902443420,-3.5303824526999124e-05,0.8010473922363157,0.072709042129832,0.10839689309992834,0.5753755424052311,0.13192555705328857,0.04645584157985104,-0.07177980484924837
LU1902444584,1.7546328314617434e-08,0.06551930004524853,0.06220294971765026,0.03819900248891439,0.007155601206622913,-0.021079582521238725,-0.017946236331755194,-0.03258533748727123
LU1907594748,-5.6697266208263715e-05,0.5671124371927128,0.05092494197754562,0.07078103821627438,0.08492427850373105,0.047285654513652034,0.08191657676443052,-0.055913949674361925
LU1908247056,-1.0972163727454354e-05,0.05895998684038728,0.06673024329346366,-0.0032796858454633565,0.023137199788331255,-0.030584867546812763,0.03623301635535653,-0.028931176853933187
LU1919842267,-9.783659865439783e-05,0.6359608416792624,-0.21066847815552456,-0.024336843320830026,0.8851952899405713,-0.16285017640847393,0.012508459999853158,0.32664304767987973
LU1926208726,0.00020491871201993174,0.0334681772424138,-0.07987580211747321,0.08038390560907187,-0.03436662333903504,0.04522267180230829,0.21094226355801726,-0.060604503948416266
LU1931957093,0.00013824955246488925,0.12402896480672587,-0.02982477817531737,-0.13881818862578224,0.16254549300773566,0.3692100849878073,-0.19139328080135792,0.15392971404324082
LU1932634022,-0.00012962755669465364,0.4083617267251983,-0.08237350374806325,0.10012600214157874,0.3952345131105057,-0.28078686597118285,0.07602920770552332,0.2832073330017533
LU1941681014,0.00018631817827456591,0.177250441590593,0.01830626634071612,0.03261264589784513,0.009841326740679827,0.25543584267792,-0.026644263898477592,0.11461386765544906
LU1941681956,-4.493683358059797e-05,0.5865301296178194,0.03700508777110765,0.03681448412597986,0.15995194106254906,-0.005485682609983118,0.05809452179841669,-0.03687211598342438
LU1951200481,-1.623102636558665e-05,0.6788946029943637,-0.19976416674831596,0.056983927554217995,0.8457659871475391,-0.17902062102861477,0.040979532910502256,0.3456971636727051
LU1951204046,-0.00013470355995114872,0.7391183787108868,0.06047237657505661,0.11146753456518094,0.70865103518124,-0.05299422805883297,0.16877976151197022,-0.11702763084679993
LU1951225553,-0.00020290813031042417,0.6825922255413035,0.0326027932471525,0.1365817304911684,0.8813553427394336,-0.13024323517045305,0.13568415485137378,-0.11088074359021824
LU1956955550,-0.00016881096391855015,0.3568097056615289,0.03834833161473497,0.07227215325844552,0.46031443648158493,-0.33879127685578025,0.04846683033035488,0.06286572776825303
LU1958314913,0.00015062764272314176,0.18118799269916674,0.062384790400634146,0.015901440003747436,0.03576322708490379,0.22090726731416174,-0.10937423964779527,0.12244366709837307
LU1961857551,9.810240962841764e-06,0.7497759578678483,0.1051418350101428,0.08298984366744448,0.05563826961435914,0.025215883090821054,0.00729494654200075,-0.017469371025249147
LU1983262087,0.00013458612726629547,0.03634978160566826,0.0022689507045412665,0.013809484625261215,-0.005752561781307196,0.009121280930732759,0.070541446979066,-0.004599382222606453
LU1984220373,0.00019939796700406577,0.046144965571851326,-0.04161963518995104,0.030577367318049664,-0.013380210582226621,0.0066033729166164595,0.013836797331968367,0.12913163926657828
LU1984712320,0.00011866383980405797,0.06138508593489722,-0.011449522645164113,0.10904104234098,-0.015872490840115362,-0.00908443360914632,0.141628868062318,-0.06650958909968344
LU1988108350,2.743847858405245e-05,0.685746004988115,0.28819997123304336,0.2837603195081585,0.13123975843952831,-0.07227846890931114,0.016711992873798667,0.00292241395907869
LU1989763773,1.9185190396114632e-05,0.3813020640649748,-0.04470268913634545,0.02905187696058753,0.38117216663582276,-0.22871637723076724,0.015486536265743166,0.2295360381377191
LU1989765471,0.0003940285683538739,0.03971090198688931,-0.34390315502609536,0.24673684031183596,0.24672594385525198,0.10417766180768276,0.03945316075511775,-0.03439383563371576
LU1989767253,-4.0049596476109846e-05,0.37203950161566113,0.10335889095231215,-0.024085849478064983,0.3325651427343773,-0.232790941478345,0.06258218740605091,0.1451614561822478
LU1989769036,0.0002712519740499683,0.1640467022028882,0.0017125374871628245,-0.13237348193515175,0.24220013071428217,0.25408927170579965,-0.1747547026492227,0.1626934653477931
LU2000522420,-0.00018198153347898972,0.06787320077377268,-0.03312691293028234,-0.07528745779034043,-0.07213694215658475,0.1957728272414352,-0.0893350268241953,0.34551499320130014
LU2028144173,8.249302865200768e-06,0.21377233679320395,0.013723078441456253,-0.019978855965700565,0.13461966424241775,0.2585735629702459,-0.03295439268265658,0.1521123084886492
LU2036816820,-0.0001321868631697358,0.23768217357259258,0.06328272403306968,0.007561243822950751,0.34719688753636774,-0.2278353710515923,0.19857985952023116,-0.062220283531216225
LU2036821663,7.072968706583929e-05,0.40208244612640653,0.0009922965919078803,0.07179061069233703,0.27601449003671474,-0.09285865979199615,0.05529705572736492,0.12693146512102904
LU2040441128,-4.937669487513178e-06,0.19272246569062357,0.00475512813633875,0.014912182892377814,0.07566760087366907,-0.04578040426017874,0.05088498065828749,-0.0041748224771088575
LU2041044178,0.00010580932695703597,0.40034335775315066,0.2915022438715262,0.34504833314464367,-0.015669875006814882,-0.055075050097416464,0.1500488678729277,-0.17225274745361013
LU2049423663,2.083781158390733e-06,0.16253172990659703,0.08297175398875872,0.04541089647192295,0.03957843710381351,0.09247286870263183,-0.002218121592834188,-0.0789634266010465
LU2049423820,-5.499173076988821e-05,0.27003931893188715,0.11816180814537977,0.09552317769526106,0.03895939201411967,0.06209622650117889,-0.051364715199928954,-0.03745247528874441
LU2050434625,6.171541638620197e-05,0.8157658092869534,0.31464110147976526,0.37162920341420835,0.03322583837180222,0.19130592657016487,0.153095479088376,-0.14641908782117788
LU2052475568,-7.174275628260481e-05,0.32054802980673225,0.17421586145380039,0.07933626566536386,0.013182783446799216,-0.2608592017357344,0.18345328017451157,0.13163336326051564
LU2066958898,-0.0002698297536463073,0.6882780463701852,0.2975452087464682,0.7430667335645498,0.01961950377216426,-0.025664062244230068,0.054753012275668395,-0.1930130198449473
LU2123303708,4.866411350674474e-05,0.5216077333599618,-0.070953390248246,-0.01673804386072192,0.5833934354381025,-0.2380415750857187,-0.009977696844838707,0.21020806001711356
LU2123306719,6.582234708628627e-05,0.1014966012985199,-0.05100176825916215,-0.03588605504606396,-0.011608850031698262,0.06392774746262206,-0.03423661290333508,0.3148408635429125
LU2123743424,2.4671762411852192e-05,0.21559867714137393,0.004670559941429948,0.19049519505910184,-0.04118150263530446,-0.07927703301328791,0.162226702274208,0.09372453425084039
LU2124190872,0.000138825696037803,0.2532301100736697,0.07502757026807676,0.020407590874840717,0.15971117471395865,-0.038544431935508314,0.08874727006861556,-0.043304529842719264
LU2138387506,-4.697979043586916e-05,0.01035101517515602,-0.05129809062799629,-0.038764598434560545,-0.004426538836012431,0.048244005094227306,0.024470804262865357,0.05864994401821839
LU2147879543,5.15740640895838e-05,0.18771560812447552,0.0065695416947643415,0.021214119564160423,0.04778133220920612,-0.038089190749679175,0.04944180029531615,0.010212987807264652
LU2151176349,0.00014189493009014191,0.23766432376462143,0.10573752858480716,0.01624875717893466,-0.04772780677916416,-0.07449405817562858,0.16041679685438745,0.05195796235969513
LU2155805802,-5.20545759300485e-05,0.39488153775842183,-0.012318238369538872,0.07615967856080186,0.35729120247838303,-0.2515755592424663,0.0954607070684665,0.22774166147560332
LU2181906426,1.5107778264577583e-05,0.35901005104198114,-0.3461437457834042,-0.04277850794047272,0.5436184746501829,-0.4016470795047629,-0.06579341371032052,0.7093333021468994
LU2182441571,4.77424547475989e-05,0.09481775339333665,0.014185877257241162,0.026900540504409234,0.01123783864121607,-0.009639853687917673,0.01924715168305807,-0.004196500021618411
LU2183146864,2.641265351309379e-05,0.013536830309249681,-0.002966715089146606,-0.06852294845220563,-0.008640224127384952,0.007510940617429989,-0.0421650012941844,0.1786030895116921
LU2189930105,-1.096033149597408e-05,0.2724269697938386,-0.07451251146073519,0.01631877311364266,0.2811658331316862,-0.10238665825025176,0.00338315674612151,0.2110366286021924
LU2207970232,0.0001843696606966328,0.38335729494893356,-0.04410360984547276,0.0927376060084954,-0.018544151348630286,-0.1434966481420744,0.11834750006710684,0.3929855840415104
LU2210151341,0.0001219025138589274,0.016718215046678697,-0.04232090619918385,0.07030979919834733,0.004631099940824418,0.02715458769586705,-0.04147919530106546,-0.010584072178271856
LU2219351876,7.379272168160643e-05,0.37334176991467105,0.05810981128943613,0.01955935605909717,-0.0013402546214416264,-0.2739753553094743,0.14095280905631927,0.3902952712518276
LU2221884310,-6.550694114338681e-05,0.3067338651432767,0.01885421252146788,0.015889152353573507,0.2667285741359312,-0.11761228208938061,0.11012086190174825,0.029346269375735576
LU2240056015,-0.00021549593921875554,0.36002165530642116,0.05376331028034039,0.17996377353882614,0.033655648791879614,-0.45690162390414524,0.2465748779206709,0.43918458247945197
LU2254337392,4.0906885248155356e-05,0.4374909758198008,0.10637651224380942,0.14972305710818337,-0.032981834768875645,-0.2598193551833721,0.14761182566102538,0.286370293860311
LU2257980289,-9.070320098752253e-06,0.29438080686429036,-0.009949969095370194,0.042739157028080677,0.21287174188785277,-0.17620443069379327,0.07303486502876977,0.16982214743923596
LU2267099674,2.5173587657325496e-05,0.009078191994545737,-0.046936025902739244,-0.0208417969053176,0.006309406103482287,0.04628719228481342,-0.001175374632240892,0.0117138061527314
LU2298320859,-1.6881315081578765e-05,0.19047562889126746,0.15380001307950653,0.16491158014694232,-0.014848046998798006,-0.14967321723929955,0.17429667911610747,-0.05093821302166503
LU2310090944,-4.497057790700205e-05,0.14695284447858448,0.11907054891637447,0.10388564298295652,-0.06431044247416129,-0.10956200837431501,0.3601786502687236,-0.10609930634954064
LU2344724963,0.0001235458230882284,0.2076035582741803,0.06828628347681816,0.1831191054853667,-0.02778847587809144,-0.17883573844410236,0.2229655490946466,0.029240302452510816
LU2344726406,0.0001353411960415681,0.05672904812505386,-0.05949039675048065,0.08430686765393515,-0.0178851678971646,0.03853699844464728,0.004326434795907462,0.08947433625186887
LU2347620101,-0.0003952692361590502,0.33472056968824415,-0.11350743538806891,0.049923340845508174,0.7000783652111998,-0.3810756774493916,-0.03597084461464505,0.1752142155027293
LU2349693155,-1.1788643739628846e-05,0.25799042429981633,0.07110739936063552,-0.008782875835629977,0.032541346069238544,-0.23410453497548347,0.1890074062851561,0.2376217796396917
LU2349917364,-7.394338678571617e-05,0.22274795006926584,0.043523472040203265,0.11229853207390635,0.21395996571233128,-0.0661657892427705,0.0870583742840262,-0.10341783542723545
LU2350031394,-3.2316298863253244e-05,0.2748940339505631,-0.022289845356102376,0.1192296644177956,0.2647174565100311,-0.14420185987312084,0.024566785003165458,0.036092815080598695
LU2358389745,4.331257225045695e-05,0.2700049290822677,0.014144651030869926,0.025886155570875993,0.19634856409437454,-0.16260837594152505,0.0425343424398281,0.17468562539898197
LU2358392376,8.207980991625793e-05,0.21124559787190333,0.009110248931775481,0.042793952247821426,0.09829638918064522,-0.0866294694329111,0.02409724203155201,0.07496353264293418
LU2367664385,0.00013248689558606464,0.009959143707908957,-0.01889448936255751,0.020995217351826186,-0.0022324830461424834,0.030384974830092892,-0.009400951715652497,-0.029718477511781402
LU2389405080,4.711417353092517e-05,0.19862703340867072,-0.04662948930187358,0.08961621583191814,0.1382659350789329,-0.008251513226621848,0.05217642880683511,0.06257212153940775
LU2412098902,-7.219177342539129e-05,0.23595488036118195,0.041787799660673204,0.08147355298092925,0.21622555695021278,-0.11966530833182519,0.05571897631664169,0.026040448249372267
LU2428403641,0.00013798332142089383,0.029464050504430572,-0.016748873020580306,0.03156180713861843,-0.005768326035066197,0.03495342957891928,0.05110830543289141,0.02783230670688678
LU2428403724,9.525856752978832e-05,0.2367168851972009,-0.10807097837030571,-0.010794262208367475,0.3433946500207037,-0.1206323628904088,-0.01701551727768783,0.10894533769272553
LU2539336235,0.00017833265375149458,0.06492636351405323,-0.08572596948627668,0.0902412222340359,-0.03059098855972841,0.018787507308034652,0.0975418514179121,0.02799034549949035
LU2719174067,0.00011284367978108477,0.046613430578721915,-0.0014729447262386672,0.10003834982559671,-0.02159654737505671,-0.03498056991279612,0.07023612245865105,-0.025519474837497863
LU2737748660,4.768734731732583e-05,0.14357802688188337,-0.014062374508238124,0.15749645777534738,-0.03466744052765027,-0.07709923327288107,0.08739328211379899,-0.001291304158406878
LU2809794220,0.0001268285792746769,0.08643501292727551,-0.10252862065236654,-0.016248963708770117,0.14770250200852603,-0.08301437614636044,-0.052507911656577894,0.19129477492065808
LU2821740573,4.8217960216502904e-05,0.05271614119279555,-0.0022666631763363313,-0.00016980050503988178,-0.0031536752667286256,0.00032540269658172397,0.01615811095940387,0.001751004969276754
LU2860962559,-2.5825273032826495e-05,0.11330678068821143,-0.11927053344884708,0.0013584875790683265,0.20730725799046618,-0.0635156554209682,-0.06986442835693676,0.13421609800361142
LU2932856839,-0.00012143447781992072,0.05236958338569586,-0.0125609915962746,0.0137933482799255,0.046293188420754396,0.005767004482357525,0.09160122912896443,-0.05116385998862648
LU2985305460,6.156428651765187e-05,0.06506371075910611,0.034329581828985475,0.05221656060653969,0.0009196771459442036,-0.05400449337058563,0.059542370697196534,-0.01706866801262808
LU3077228958,-4.026413375021676e-05,0.03321152400060656,-0.03255577769994683,0.08286893580776225,0.02534590582163438,-0.01516745922621136,-0.026976860474691555,-0.017478546591585216
LU3103551860,1.7062994566324344e-05,0.024528587577488103,-0.023936499866107207,0.012964240219044822,0.0051371356613520314,0.0006204460984131788,-0.004127732621271603,0.01777463887217811
LU3129990134,5.24179233579962e-06,0.00539562728644527,-0.001878147411119871,-0.0006038511771196776,0.0001435260476595275,-0.0005721960571085717,-0.00044110500020151297,0.0038441901204167555
